Název souboru,Odkaz,Název,Kategorie
VY_32_INOVACE_31-03.pdf,https://drive.google.com/file/d/1yKh-8ZOEdtjcF5ZMkdIXPjEBZFXgJyEk/view?usp=drivesdk,Seznámení s relacemi,VYT
VY_32_INOVACE_39-20.pdf,https://drive.google.com/file/d/1nURhIzXK1Y3UHQYyd7IXv2OMMFcGUUQ7/view?usp=drivesdk,"Google - další možnosti (Blogger, překladač…)",VYT
VY_32_INOVACE_39-19.pdf,https://drive.google.com/file/d/1hWeavU7SvR_zNV_KFiCp8eWpvHKJNI5Y/view?usp=drivesdk,Sketch,VYT
VY_32_INOVACE_39-16.pdf,https://drive.google.com/file/d/1ijWHuCVB-IxMUFMKX5N5Yvr0keb_lkDo/view?usp=drivesdk,Web - naplnění,VYT
VY_32_INOVACE_32-13.pdf,https://drive.google.com/file/d/1Wxi9hINHD-SBCErFDou8cpjkJaudSNyn/view?usp=drivesdk,MS Access- složitější konverze dat,VYT
VY_32_INOVACE_39-14.pdf,https://drive.google.com/file/d/1R3vLZkT864RThHKVx3HfdT6srdMDS7FC/view?usp=drivesdk,Picasa a Piknic,VYT
VY_32_INOVACE_32-12.pdf,https://drive.google.com/file/d/15RGs1uVL1Uz4zUwT0j92sVSQSfMy2w8T/view?usp=drivesdk,MS Access - propojení relací s formuláři a sestavami,VYT
VY_32_INOVACE_32-11.pdf,https://drive.google.com/file/d/1FiZ8a93znwKvdKPpZWGWmCmjm9uQ2LE_/view?usp=drivesdk,MS Access - generování složitějších sestav,VYT
VY_32_INOVACE_39-12.pdf,https://drive.google.com/file/d/1Br-8XtKm6Bp1IEqHGOIRUyVFqbmMWGHj/view?usp=drivesdk,Dokumenty - formuláře,VYT
VY_32_INOVACE_32-10.pdf,https://drive.google.com/file/d/1tt1Gsh8lBDUcwwsAgyORs_fzJ6wCHMyf/view?usp=drivesdk,"MS Access - formuláře, podformuláře",VYT
VY_32_INOVACE_39-11.pdf,https://drive.google.com/file/d/1pA1n-t2O9aB17u3rLkg08333HDkVPJKT/view?usp=drivesdk,Dokumenty- kalkulátor a kresba,VYT
VY_32_INOVACE_32-09.pdf,https://drive.google.com/file/d/1B2CanYMzTqwRyx-66onp8p-ZT6A7leEB/view?usp=drivesdk,MS Access - formuláře a sestavy - vytváření,VYT
VY_32_INOVACE_26-18.pdf,https://drive.google.com/file/d/1V3o85z_1ljCrIZq4g6TsydjLsmNOm_u1/view?usp=drivesdk,Parametry podprogramů,VYT
VY_32_INOVACE_34-15.pdf,https://drive.google.com/file/d/1IeQTbrESKkph600kNNxawOPzJyegIcQP/view?usp=drivesdk,Doménové adresy,VYT
VY_32_INOVACE_39-10.pdf,https://drive.google.com/file/d/12EvBVYt6WlB3RmCQ_EVMpyRm_J1-9A1L/view?usp=drivesdk,Dokumenty - editor a prezentace,VYT
VY_32_INOVACE_32-08.pdf,https://drive.google.com/file/d/1gNFHT5FVBiP3t3bh_Xv37MWPxkaVkwl0/view?usp=drivesdk,MS Access - relace v dotazech,VYT
VY_32_INOVACE_39-09.pdf,https://drive.google.com/file/d/1Zqscv5wO9GgqbD2M0uXBJAVJ6MDjewrF/view?usp=drivesdk,iGoogle,VYT
VY_32_INOVACE_32-07.pdf,https://drive.google.com/file/d/1_djzz2yX7yYPJ4uc1CywnWGJ2KRNFg-n/view?usp=drivesdk,"MS Access - typy relací, příklady",VYT
VY_32_INOVACE_39-08.pdf,https://drive.google.com/file/d/1qw9IdJuYBYm5WqUUiaOM9vRO39agTszE/view?usp=drivesdk,Vyhledávání,VYT
VY_32_INOVACE_32-06.pdf,https://drive.google.com/file/d/11Ungtg1Kzu4c4otHEGlUlMHUdt2dzwdJ/view?usp=drivesdk,"MS Access - kombinace typů dotazů, dotaz z dotazu",VYT
VY_32_INOVACE_34-13.pdf,https://drive.google.com/file/d/1PvjEYUlbaIHOPYDHYXF-kgn6KGQnOgym/view?usp=drivesdk,Adresace v TCP/IP sítích,VYT
VY_32_INOVACE_32-04.pdf,https://drive.google.com/file/d/14bTP_fpVlAF1BnGkvotU3eZlK-iiHSbc/view?usp=drivesdk,"MS Accees - akční dotazy, odstraňovací a aktualizační",VYT
VY_32_INOVACE_32-03.pdf,https://drive.google.com/file/d/1_ePzq-FnY9Fq_TptXTt2kNuOyBwckJ06/view?usp=drivesdk,"MS Access - rozdělení dotazů, výběrové dotazy",VYT
VY_32_INOVACE_32-02.pdf,https://drive.google.com/file/d/1ytMFAaT9Fcqw0BG09t6aIUxFvS50boAk/view?usp=drivesdk,MS Access - pojem relace,VYT
VY_32_INOVACE_39-03.pdf,https://drive.google.com/file/d/1B1D7KpvQD7oqztmhtUu73kzqdoUMzwId/view?usp=drivesdk,Gmail - práce s poštou a nastavení,VYT
VY_32_INOVACE_39-04.pdf,https://drive.google.com/file/d/13ybIQ0UDCZ6BP-ZNFgh7hH-LvldUATwt/view?usp=drivesdk,"Gmail - práce s kontakty, chat, telefon",VYT
VY_32_INOVACE_39-01.pdf,https://drive.google.com/file/d/1uKOTXPS9sIWWdLlB2KAMzkhqaeV-cy8K/view?usp=drivesdk,Seznámení se službami Googlu,VYT
VY_32_INOVACE_31-20.pdf,https://drive.google.com/file/d/19m0y7hvh6pTdNGgwSa4J9SKf8bcOEK46/view?usp=drivesdk,Konverze dat v prostředí MS Accessu,VYT
VY_32_INOVACE_31-19.pdf,https://drive.google.com/file/d/1qMHH9VvpsfVCiCg2JZudE7xyaeM7vpRg/view?usp=drivesdk,Základní seznámení s MySQL,VYT
VY_32_INOVACE_38-20.pdf,https://drive.google.com/file/d/1U4Y-YZnmuFbFGkQcMlmFwnZCIFSivDwS/view?usp=drivesdk,Tipy a triky,VYT
VY_32_INOVACE_31-18.pdf,https://drive.google.com/file/d/1CDvppWSEez0eL8F8VH6knXQG_WrDAkDh/view?usp=drivesdk,Seznámení s makry,VYT
VY_32_INOVACE_31-17.pdf,https://drive.google.com/file/d/1Rw09Gi_nGWHPcz4iI6DN0vvDgrJqx3_U/view?usp=drivesdk,Vytváření sestav,VYT
VY_32_INOVACE_31-16.pdf,https://drive.google.com/file/d/16H1Nn-E31nnUJ1zq6_2k6JW_4P7hDezI/view?usp=drivesdk,Složitější formuláře,VYT
VY_32_INOVACE_31-15.pdf,https://drive.google.com/file/d/1qF-tWlnBzfYKbR-o9BoTMZpk4yF1XX1k/view?usp=drivesdk,Vytváření formulářů,VYT
VY_32_INOVACE_38-18.pdf,https://drive.google.com/file/d/1Vf53WGreImYIUuWO64e6X2P6-LesnY60/view?usp=drivesdk,Formuláře - procvičení,VYT
VY_32_INOVACE_31-14.pdf,https://drive.google.com/file/d/1bIl2FjMCvUbCjPm3PNegAg_FoHgLdlZu/view?usp=drivesdk,"Formuláře a sestavy - úvod, objekty",VYT
VY_32_INOVACE_31-13.pdf,https://drive.google.com/file/d/1Jm7WXA5bV1P9JITgYkXGcwHbQTHVIx8f/view?usp=drivesdk,Praktické využití relací,VYT
VY_32_INOVACE_38-17.pdf,https://drive.google.com/file/d/1dnnEMp851m8jOMqZ2pZe9bx9ZDGc7Qsg/view?usp=drivesdk,Formuláře - prvky,VYT
VY_32_INOVACE_31-12.pdf,https://drive.google.com/file/d/1qw_uhAL0OfJtYOVLXogna3f2imvSnQCT/view?usp=drivesdk,"Relace - různé typy, vlastnosti",VYT
VY_32_INOVACE_38-16-01.xlsx,https://docs.google.com/spreadsheets/d/1LyMTOn0G4B5rqqcr4VuHoCIS1xS0BOzg/edit?usp=drivesdk&ouid=118181400249512939226&rtpof=true&sd=true,,VYT
VY_32_INOVACE_31-11.pdf,https://drive.google.com/file/d/1956NKB6Q972x8cldU7XxGp4_4lt_eGB2/view?usp=drivesdk,Relace mezi tabulkami - seznámení,VYT
VY_32_INOVACE_38-16.pdf,https://drive.google.com/file/d/1gEbeWS3FhnFW5G4I42dO3mMhbDzGf96w/view?usp=drivesdk,Funkce SVYHLEDAT,VYT
VY_32_INOVACE_38-15-01.xlsx,https://docs.google.com/spreadsheets/d/1r9qKnt3XSeOlD18C5jWhSLArUdhGY7JT/edit?usp=drivesdk&ouid=118181400249512939226&rtpof=true&sd=true,,VYT
VY_32_INOVACE_38-15.pdf,https://drive.google.com/file/d/1jci8deJlqpTTqGMTRTdXBaN5baPhVmJz/view?usp=drivesdk,Ověření,VYT
VY_32_INOVACE_25-20.pdf,https://drive.google.com/file/d/1zB6kouplRfa59u1n2EUNvweOiU_yF-3B/view?usp=drivesdk,Generování náhodných hodnot,VYT
VY_32_INOVACE_38-12-01.xlsx,https://docs.google.com/spreadsheets/d/1p0eb-t6H1xEkO99yKnKQuePmidiOjYis/edit?usp=drivesdk&ouid=118181400249512939226&rtpof=true&sd=true,,VYT
VY_32_INOVACE_25-17.pdf,https://drive.google.com/file/d/1_qC8ppMPwTsT3a3noGwdhgSA4WVL4L2g/view?usp=drivesdk,Složitější cykly s proměnnými mezemi a vnořování cyklů,VYT
VY_32_INOVACE_31-02.pdf,https://drive.google.com/file/d/1wVMZUR4Fk8uhqlOkAlGEqDdehmksroK8/view?usp=drivesdk,"Základní pojmy - záznam, pole, typy polí",VYT
VY_32_INOVACE_38-11-01.xlsx,https://docs.google.com/spreadsheets/d/1aqLNOVgXUkCJmbFE7B2NGOWAhEdsgmDv/edit?usp=drivesdk&ouid=118181400249512939226&rtpof=true&sd=true,,VYT
VY_32_INOVACE_38-11.pdf,https://drive.google.com/file/d/1NyZn770bMALUmA9TnhiA8OvuTz6aKyHg/view?usp=drivesdk,Grafy - úvod,VYT
VY_32_INOVACE_38-10-01.xlsx,https://docs.google.com/spreadsheets/d/1dh990kXgI0KRugJlK3KYycT8npTAbLX4/edit?usp=drivesdk&ouid=118181400249512939226&rtpof=true&sd=true,,VYT
VY_32_INOVACE_30-20.pdf,https://drive.google.com/file/d/1keo_vUNQwDm5aVW9YX_Tt9EOFro6BdJM/view?usp=drivesdk,VG - Vektorová animace,VYT
VY_32_INOVACE_38-10.pdf,https://drive.google.com/file/d/1S6nab_jef6hmHIxoPeds6kB0mXep3uBG/view?usp=drivesdk,Práce s více listy + 3D,VYT
VY_32_INOVACE_25-15.pdf,https://drive.google.com/file/d/1H-HcqCug_go9sdA5vb4QcWeEOCW6KpPY/view?usp=drivesdk,Cyklus řízený proměnnou,VYT
VY_32_INOVACE_38-09-01.xlsx,https://docs.google.com/spreadsheets/d/1-39GR1GVdtOvTiAoKhDysAsrqHIPros6/edit?usp=drivesdk&ouid=118181400249512939226&rtpof=true&sd=true,,VYT
VY_32_INOVACE_38-09.pdf,https://drive.google.com/file/d/1qUzVRlynOn9rXPnbE2W443ebJkxEzrjP/view?usp=drivesdk,Řady,VYT
VY_32_INOVACE_25-13.pdf,https://drive.google.com/file/d/1Qi8ohMLiMkBhP1-TVplKPoZRMIsnkplg/view?usp=drivesdk,Vnořování podmíněných příkazů,VYT
VY_32_INOVACE_30-17.pdf,https://drive.google.com/file/d/1d1ucyCitoclUnaso8MVSUvXeOP8XRdKo/view?usp=drivesdk,VG - Tvarování křivek a objektů,VYT
VY_32_INOVACE_38-08-01.xlsx,https://docs.google.com/spreadsheets/d/1_gVS-3kCdcp16pAPicaw4HwgIt7p263R/edit?usp=drivesdk&ouid=118181400249512939226&rtpof=true&sd=true,,VYT
VY_32_INOVACE_38-08.pdf,https://drive.google.com/file/d/1U_PpKVi2rGjcbiW0eY84GR94tFRNOoVt/view?usp=drivesdk,Podmíněné formátování,VYT
VY_32_INOVACE_38-07-01.xlsx,https://docs.google.com/spreadsheets/d/1UcQneR5ua70bN2F8fCeS9KIGWIgzdJFJ/edit?usp=drivesdk&ouid=118181400249512939226&rtpof=true&sd=true,,VYT
VY_32_INOVACE_30-14.pdf,https://drive.google.com/file/d/1HWB8bessc4_ZrumnDsgkiX9h3THhXX0h/view?usp=drivesdk,RG - Animovaný gif,VYT
VY_32_INOVACE_38-07.pdf,https://drive.google.com/file/d/1evO3IX0PO4M2qnsacEs64hzBTeusxvFI/view?usp=drivesdk,Práce s procenty,VYT
VY_32_INOVACE_30-13.pdf,https://drive.google.com/file/d/1mDkUDdX_wjRTWRSiHi_CgA12BUqJxrCR/view?usp=drivesdk,RG - Práce s textem,VYT
VY_32_INOVACE_38-06-01.xlsx,https://docs.google.com/spreadsheets/d/1nhf-7hq3jGiX5nZCVDgzDxJYjDIOSDAf/edit?usp=drivesdk&ouid=118181400249512939226&rtpof=true&sd=true,,VYT
VY_32_INOVACE_38-06.pdf,https://drive.google.com/file/d/1IoX3CQzn3FLgnC2BBzONn9P947bW4sfy/view?usp=drivesdk,Vzorce - funkce pro datum a čas,VYT
VY_32_INOVACE_30-10.pdf,https://drive.google.com/file/d/1lIpUfFyMr9oYfOVzCCUb0lQGuB8oVgI-/view?usp=drivesdk,RG - Práce ve vrstvách,VYT
VY_32_INOVACE_25-07.pdf,https://drive.google.com/file/d/1xvvHZSCGUlGjVe181qls5EKgTJ2sQ3QF/view?usp=drivesdk,Jednoduché příkazy jazyka Pascal,VYT
VY_32_INOVACE_30-08.pdf,https://drive.google.com/file/d/1rFHNw7wp2n4xIYSdEkUE7s2Rns5GvDBj/view?usp=drivesdk,Ovládání prezentace,VYT
VY_32_INOVACE_38-04.pdf,https://drive.google.com/file/d/1hSkfuupNC3hvsp52k8zmzGzh4YOUdNCU/view?usp=drivesdk,Vzorce - základní funkce,VYT
VY_32_INOVACE_25-05.pdf,https://drive.google.com/file/d/1OvQHn3nW4-RvEsWqEauGU-OqTDDaDfui/view?usp=drivesdk,Základní kostra programu v jazyce Pascal,VYT
VY_32_INOVACE_30-07.pdf,https://drive.google.com/file/d/1EsHRjcgCIaCHLxDbaOvyY342C5_2AkGI/view?usp=drivesdk,Efekty pro prezentace,VYT
VY_32_INOVACE_38-03-01.xlsx,https://docs.google.com/spreadsheets/d/1Ht2XXDT6OpTwDRBFMdRKa-7G5rtlhTs6/edit?usp=drivesdk&ouid=118181400249512939226&rtpof=true&sd=true,,VYT
VY_32_INOVACE_30-06.pdf,https://drive.google.com/file/d/1RBKHyUHLnH-L4_J4ysV8n0pfySFNkO7p/view?usp=drivesdk,Práce se snímky,VYT
VY_32_INOVACE_25-04.pdf,https://drive.google.com/file/d/1WVrJ1_uAY7vnjQXcTdWW5_i6CnWOCoBN/view?usp=drivesdk,Programovací jazyky,VYT
VY_32_INOVACE_38-01.pdf,https://drive.google.com/file/d/11AdHGfVUvL-L2xBfNu464LOL6tjyBgLp/view?usp=drivesdk,Úvod - základní pojmy a nastavení,VYT
VY_32_INOVACE_30-03.pdf,https://drive.google.com/file/d/124LEmIr0LX7JKj5-EEcZVMGEx5SR93Be/view?usp=drivesdk,Grafické formáty,VYT
VY_32_INOVACE_37-20.pdf,https://drive.google.com/file/d/1mJsS_Xd7kGqK0ppFDvTnyB8C4Hx3MaBJ/view?usp=drivesdk,Spolupráce s dalšími produkty MS Office,VYT
VY_32_INOVACE_30-01.pdf,https://drive.google.com/file/d/1mHX0Z1XAu2L748jXGq0-QKj-sGBqh5At/view?usp=drivesdk,Úvod do počítačové grafiky,VYT
VY_32_INOVACE_37-19.pdf,https://drive.google.com/file/d/1Ft0hgznxgkXvYapHIiBpUR0owCFqNdNp/view?usp=drivesdk,Tipy a triky,VYT
VY_32_INOVACE_37-18.pdf,https://drive.google.com/file/d/1U8hTqsLeDhuFwPx6k89yUMIy7_inXHKE/view?usp=drivesdk,Formuláře,VYT
VY_32_INOVACE_29-19.pdf,https://drive.google.com/file/d/1EJgc8mfefSViTOalHm23upaZsm512wxf/view?usp=drivesdk,3D tiskárny,VYT
VY_32_INOVACE_37-16.pdf,https://drive.google.com/file/d/1nJIzLFqnsyO6OT7FGIX_qTSRQVumQ-Jr/view?usp=drivesdk,Práce s rozsáhlým dokumentem,VYT
VY_32_INOVACE_29-18.pdf,https://drive.google.com/file/d/1kmd67QFCFbiX2H9nMnl13-cTIFmKCR_K/view?usp=drivesdk,Tiskárny,VYT
VY_32_INOVACE_29-17.pdf,https://drive.google.com/file/d/17aPrqLunX12iIoYFckIqN7N0eK7EgjpL/view?usp=drivesdk,Vizualizační technika,VYT
VY_32_INOVACE_37-14.pdf,https://drive.google.com/file/d/1xDwwYnbjFwGD7LPslZO1IkP1XtZg-wW1/view?usp=drivesdk,Webová stránka,VYT
VY_32_INOVACE_29-16.pdf,https://drive.google.com/file/d/1w0Nm6GCwOBjiQjwXaIUEoYbUmWiaY3Cp/view?usp=drivesdk,Zvukové karty (reproduktory),VYT
VY_32_INOVACE_29-15.pdf,https://drive.google.com/file/d/1h0BDDTeEEAvJtIJlbEf8akIzwDchk4SK/view?usp=drivesdk,Grafické karty,VYT
VY_32_INOVACE_37-12.pdf,https://drive.google.com/file/d/1EsNaYxnpkIpT5SP3WS40td0XvcTc5z2E/view?usp=drivesdk,Další objekty v MS Office (rovnice…),VYT
VY_32_INOVACE_37-11.pdf,https://drive.google.com/file/d/17FFwYIohMQv7p9h9-yAUAEQef8LR3hnT/view?usp=drivesdk,Grafika v MS Office - úprava objektů,VYT
VY_32_INOVACE_29-13.pdf,https://drive.google.com/file/d/1AX74dYo7BCqxo_QUptLhl50f8RaFYoml/view?usp=drivesdk,Digitální fotoaparáty a kamery,VYT
VY_32_INOVACE_37-10.pdf,https://drive.google.com/file/d/1Xfbz_C7wELHgUQdgA-w3Vb5FfiQsKY7M/view?usp=drivesdk,Grafika v MS Office - typy objektů,VYT
VY_32_INOVACE_29-11.pdf,https://drive.google.com/file/d/1PYXjUeNFUfRMO_VA70LONq2W0uOSjdNu/view?usp=drivesdk,Skenery,VYT
VY_32_INOVACE_37-08.pdf,https://drive.google.com/file/d/1xBtqn8FY0MB2yD6Lv5nyum_VMInQGYRn/view?usp=drivesdk,Pravítka a tabulátory,VYT
VY_32_INOVACE_29-10.pdf,https://drive.google.com/file/d/1J3TVtW2-5bNLqs7OPzctgU7Zyd6QUG7z/view?usp=drivesdk,Polohovací zařízení,VYT
VY_32_INOVACE_37-07.pdf,https://drive.google.com/file/d/1NaT7Cbyh3nK6Hrylbbie7-vtR2CRNkuX/view?usp=drivesdk,Záhlaví a zápatí (šablona),VYT
VY_32_INOVACE_29-09.pdf,https://drive.google.com/file/d/1wEH7Bp4gt2r3YGUBeFx-ROgvPMtua3oA/view?usp=drivesdk,Klávesnice,VYT
VY_32_INOVACE_37-06.pdf,https://drive.google.com/file/d/1MvaSW6cf-6pMxqPMBeBPMPdoVsbmI30f/view?usp=drivesdk,Tvorba stylů,VYT
VY_32_INOVACE_37-05.pdf,https://drive.google.com/file/d/1AxukA9Zm3SjHdFnaeLgDnrDhH9PTQRSG/view?usp=drivesdk,Odrážky a číslování,VYT
VY_32_INOVACE_29-08.pdf,https://drive.google.com/file/d/1RjQZDUGQETjQ_vsn1LMtE-SaJ0-3nvD_/view?usp=drivesdk,Paměťová media,VYT
VY_32_INOVACE_37-04.pdf,https://drive.google.com/file/d/1YJE3c_a5VLCZ-VGdVL6OwRAu6s7iQPLh/view?usp=drivesdk,Ohraničení a stínování,VYT
VY_32_INOVACE_29-06.pdf,https://drive.google.com/file/d/1mut4R9Ggk0X5TkjeYIEDbTqMAifoSAyL/view?usp=drivesdk,Procesor,VYT
VY_32_INOVACE_37-03.pdf,https://drive.google.com/file/d/1ZWMpivjawmMuog0OzZ1dYvBiR9yoeUSW/view?usp=drivesdk,Formát odstavce,VYT
VY_32_INOVACE_29-05.pdf,https://drive.google.com/file/d/18sF6YSBeNmTS7plSKeFyJNlYwyH2Zh3L/view?usp=drivesdk,Porty a sloty,VYT
VY_32_INOVACE_37-02.pdf,https://drive.google.com/file/d/1PG6UMXu2agcNWn-4dlGXe8D1YdtFgTVw/view?usp=drivesdk,Formát písma,VYT
VY_32_INOVACE_29-04.pdf,https://drive.google.com/file/d/1XfEA50RjgZyaEcupKSpxbA0DE9nwDhgK/view?usp=drivesdk,Základní deska,VYT
VY_32_INOVACE_36-20.pdf,https://drive.google.com/file/d/16ux8h-A6wnuOJaTSpTXhWRd4TMfyCZyy/view?usp=drivesdk,SEO analýza a optimalizace webové stránky,VYT
VY_32_INOVACE_29-01.pdf,https://drive.google.com/file/d/1wUSVBuVAz5wNibaYb4PQv2kEZUuCjoLJ/view?usp=drivesdk,Základní části výpočetní techniky,VYT
VY_32_INOVACE_36-19.pdf,https://drive.google.com/file/d/18B13kARW_6wD6EbqY3l04M05d6DOwDjE/view?usp=drivesdk,Začlenění skriptů do webové stránky,VYT
VY_32_INOVACE_36-18.pdf,https://drive.google.com/file/d/1uTj1QIhaVsAHW-ISfhq6wYWXgGs674as/view?usp=drivesdk,Úvod do skriptovacích jazyků,VYT
VY_32_INOVACE_28-20.pdf,https://drive.google.com/file/d/1GDxmJU_pben9RY3_z4d5u9_9bdPJUXTT/view?usp=drivesdk,Ochrana autorských práv,VYT
VY_32_INOVACE_36-17.pdf,https://drive.google.com/file/d/15kalv1F3pyFq-fLg7bmddp-bH1Ez5Cko/view?usp=drivesdk,Použití a aplikace filtrů,VYT
VY_32_INOVACE_36-16.pdf,https://drive.google.com/file/d/1xSQmWNFwrU9zy8n3DYmfoxkCNqOdiQZz/view?usp=drivesdk,Využití pozicování při definování vzhledu stránky,VYT
VY_32_INOVACE_28-18.pdf,https://drive.google.com/file/d/1-xaolI6m-rb38IiIb3AH_XMTgP_DTNER/view?usp=drivesdk,Počítačové viry,VYT
VY_32_INOVACE_36-15.pdf,https://drive.google.com/file/d/1ggdqZGSZ3kv0EvC0uC_TuYjLNAEIk8BC/view?usp=drivesdk,"Selektory, třídy, identifikátory",VYT
VY_32_INOVACE_36-14.pdf,https://drive.google.com/file/d/1HcC50KcU0vXttmYmlR8oUaP6DuVQZ-k-/view?usp=drivesdk,Relativní pozice prvku,VYT
VY_32_INOVACE_28-16.pdf,https://drive.google.com/file/d/1XFRSn2ii1RQBr3Nju47BHKH5TMXvvOn0/view?usp=drivesdk,Základní nastavení operačního systému,VYT
VY_32_INOVACE_36-13.pdf,https://drive.google.com/file/d/1_5tT4p4mk4GS-5gAdA96VPMMVgDJePAW/view?usp=drivesdk,Absolutní pozice prvku,VYT
VY_32_INOVACE_21-01.pdf,https://drive.google.com/file/d/1fSIn1uijwpmhsjyNkfUwrp_c_X1xDgY7/view?usp=drivesdk,"Charakteristika,základní pojmy svařování","STT, KOM"
VY_32_INOVACE_28-15.pdf,https://drive.google.com/file/d/1qH5YMG_BLKWlQBoV5g1DfkfqrepmADxI/view?usp=drivesdk,Externí správce souborů,VYT
VY_32_INOVACE_36-12.pdf,https://drive.google.com/file/d/14WxK49liYDSimrLK1nV1yhR3GbIVW5Ik/view?usp=drivesdk,Vlastnosti CSS pro pozicování,VYT
VY_32_INOVACE_36-11.pdf,https://drive.google.com/file/d/1qCHWhYHyH84dDXvwyGO5LE1-VFAerVxU/view?usp=drivesdk,Vlastnosti CSS pro tabulky,VYT
VY_32_INOVACE_28-14.pdf,https://drive.google.com/file/d/1hwmk5rp-okWCMSixzWajQv-eoz9SClCz/view?usp=drivesdk,Komprimace dat,VYT
VY_32_INOVACE_28-13.pdf,https://drive.google.com/file/d/1cwaETd9DYRxzYJWbxqnglsTppf8Ng4bw/view?usp=drivesdk,Práce se soubory (složkami),VYT
VY_32_INOVACE_36-10.pdf,https://drive.google.com/file/d/1DuLm3A8zsNdc_Y5L2jpQ5lzXJmtW5OBo/view?usp=drivesdk,Vlastnosti CSS pro seznamy,VYT
VY_32_INOVACE_36-09.pdf,https://drive.google.com/file/d/1XBR3rwN64EAEndkybCbBlfa93QH8nd51/view?usp=drivesdk,Vlastnosti CSS pro rámečky,VYT
VY_32_INOVACE_28-12.pdf,https://drive.google.com/file/d/1wV_BWXl9-Vy1SMf3xDDF-kAJkzRUr9Is/view?usp=drivesdk,Organizace dat na disku,VYT
VY_32_INOVACE_20-18.pdf,https://drive.google.com/file/d/1aFHvq6YOVkilVMmT9PLtnHgTQrSG4A8R/view?usp=drivesdk,Zvláštní způsoby tváření za studena,"STT, KOM"
VY_32_INOVACE_28-11.pdf,https://drive.google.com/file/d/1NoGUtke7o2huv5L9OEl4yyHI4aKA_B1q/view?usp=drivesdk,Prostředí operačního systému,VYT
VY_32_INOVACE_36-08.pdf,https://drive.google.com/file/d/1cq4NQ73p2Q2OQjudFwiqsCs5msU8k5Oj/view?usp=drivesdk,Vlastnosti CSS pro okraje,VYT
VY_32_INOVACE_28-10.pdf,https://drive.google.com/file/d/1mxnnBBGZLVQp9j_2A5ZdDZU7_ZZ9VRwt/view?usp=drivesdk,Operační systémy,VYT
VY_32_INOVACE_36-07.pdf,https://drive.google.com/file/d/1PU_-UQdsXxS-GMWppUeyRg8oV4jBXuzJ/view?usp=drivesdk,Vlastnosti CSS pro velikosti a obtékání,VYT
VY_32_INOVACE_20-17.pdf,https://drive.google.com/file/d/1EHoRzzhlpXIA4GdLbYp8B53_OOpn7YTa/view?usp=drivesdk,Protlačování,"STT, KOM"
VY_32_INOVACE_23-16.pdf,https://drive.google.com/file/d/1S6H4AisynXa_B4jzKCjFGAGxTYg3f4Hn/view?usp=drivesdk,"Nedestruktivní defektoskopie, úvod, kontrola prohlídkou","STT, KOM"
VY_32_INOVACE_28-09.pdf,https://drive.google.com/file/d/1dwr6NcE4g1isZ3S3V6Y-H4eaReQ1k4td/view?usp=drivesdk,Druhy programu z hlediska licencí,VYT
VY_32_INOVACE_36-06.pdf,https://drive.google.com/file/d/10ujEhcdaxfu6XEJgr1qEmT3Gddw4J9zk/view?usp=drivesdk,Vlastnosti CSS pro barvy a pozadí,VYT
VY_32_INOVACE_36-05.pdf,https://drive.google.com/file/d/1mdYMSSnUHKpOeqwwcvzkiP7xTHrRZKvf/view?usp=drivesdk,Vlastnosti CSS pro text - odstavec,VYT
VY_32_INOVACE_36-04.pdf,https://drive.google.com/file/d/1TsaBauacRgdUYQ7RsYFX3ffv_nqtLh1u/view?usp=drivesdk,Vlastnosti CSS pro font - písmo,VYT
VY_32_INOVACE_28-07.pdf,https://drive.google.com/file/d/1zvc99uHHtxXGCiJW0DOoCZSvZO1xM20u/view?usp=drivesdk,Architektura počítače,VYT
VY_32_INOVACE_28-06.pdf,https://drive.google.com/file/d/1xqQ91XmyJ-cqvnBw7xbnHmpypoqhGywZ/view?usp=drivesdk,Booleova algebra,VYT
VY_32_INOVACE_36-03.pdf,https://drive.google.com/file/d/1O7zg511FHjkbOsUdzg3Y3GZvPGXk2nIk/view?usp=drivesdk,Délkové jednotky v CSS,VYT
VY_32_INOVACE_28-05.pdf,https://drive.google.com/file/d/1Uv6ntZNThMopb7lYk6V9_FwLKYD-qLHr/view?usp=drivesdk,Kódování znaků,VYT
VY_32_INOVACE_36-02.pdf,https://drive.google.com/file/d/1HCMkKYPDLidMKVuUPh49M492CRmvFwiN/view?usp=drivesdk,Deklarace kaskádových stylů,VYT
VY_32_INOVACE_28-04.pdf,https://drive.google.com/file/d/1y4y1tI3OUOSWBkTETeLl2N19iA-Zsqmi/view?usp=drivesdk,Číselné soustavy,VYT
VY_32_INOVACE_36-01.pdf,https://drive.google.com/file/d/1Y3nYZ1X14-qvX3ib5P9yjCslSzdJRE70/view?usp=drivesdk,Kaskádové styly CSS,VYT
VY_32_INOVACE_28-03.pdf,https://drive.google.com/file/d/1_bqcBuUydDWqDZeWZPOWpN1x7YiuL0T1/view?usp=drivesdk,Základní pojmy,VYT
VY_32_INOVACE_28-02.pdf,https://drive.google.com/file/d/12MGfsJAi6GXHMNKHNRymGKT40bGQf9mE/view?usp=drivesdk,Zásady práce s počítačem,VYT
VY_32_INOVACE_35-20.pdf,https://drive.google.com/file/d/1hGC34F6Qi0AbqyUuAMID_cewl0IQBRdk/view?usp=drivesdk,Možnosti publikování informací v síti Internet II.,VYT
VY_32_INOVACE_28-01.pdf,https://drive.google.com/file/d/18bCBnQFq407ZAfndm7wyX53sSvw4VMWC/view?usp=drivesdk,Historie výpočetní techniky,VYT
VY_32_INOVACE_20-11.pdf,https://drive.google.com/file/d/16r3TY9c0WabMrwmVzla9oIIoRDSw22Iv/view?usp=drivesdk,"Určení těžiště střižných sil, funkční rozměry nástrojů","STT, KOM"
VY_32_INOVACE_35-19.pdf,https://drive.google.com/file/d/1gJGgtMR7FXlJKeHHiPEinO_u2MkxEEWu/view?usp=drivesdk,Možnosti publikování informací v síti Internet I.,VYT
VY_32_INOVACE_35-18.pdf,https://drive.google.com/file/d/1fRzk_VpmI7eYglqs_A9BTzIF4om_pYSA/view?usp=drivesdk,Formuláře v (X)HTML III.,VYT
VY_32_INOVACE_35-17.pdf,https://drive.google.com/file/d/1D9ayr24x9vAjsU_1Reit_fl-OVsP2aS7/view?usp=drivesdk,Formuláře v (X)HTML II.,VYT
VY_32_INOVACE_27-19.pdf,https://drive.google.com/file/d/1XV871C1XmLE6trqCexmv7YQebF2DTAMU/view?usp=drivesdk,Práce s obrazovými body,VYT
VY_32_INOVACE_35-16.pdf,https://drive.google.com/file/d/1IOvXgnCz03N4gsgsy247YPDqIwPDDGc5/view?usp=drivesdk,Formuláře v (X)HTML I.,VYT
VY_32_INOVACE_27-18.pdf,https://drive.google.com/file/d/1VBKURh1XEqaYsPRwT7PZQZrcS2Ik9ecQ/view?usp=drivesdk,Práce s grafikou,VYT
VY_32_INOVACE_27-17.pdf,https://drive.google.com/file/d/1Zn7wIhfLiBh_2yTaGV6GTFFNpVGqOBK7/view?usp=drivesdk,Víceřádkové vstupy – komponenta ComboBox,VYT
VY_32_INOVACE_35-14.pdf,https://drive.google.com/file/d/1fMVrHBmopSralMlv3Wjp1HBeE2utHrAp/view?usp=drivesdk,Tabulky,VYT
VY_32_INOVACE_35-13.pdf,https://drive.google.com/file/d/1FJQWSRF3nX12El3dy5Dl043MaJEssgV3/view?usp=drivesdk,Víceúrovňové seznamy,VYT
VY_32_INOVACE_27-16.pdf,https://drive.google.com/file/d/1uA8ORz_NEhOoArzKGlDWhUpF8Go5zLRa/view?usp=drivesdk,Víceřádkové vstupy – komponenta ListBox,VYT
VY_32_INOVACE_27-15.pdf,https://drive.google.com/file/d/1MZVseJhxdPd6GUm6E4whi1J762mHw3-z/view?usp=drivesdk,Víceřádkové vstupy – komponenta Memo,VYT
VY_32_INOVACE_35-12.pdf,https://drive.google.com/file/d/1iNtZHsHEN9nJ8Ria2qbgF1D8hajo295z/view?usp=drivesdk,Seznamy,VYT
VY_32_INOVACE_35-11.pdf,https://drive.google.com/file/d/1NdAorn21_ijLOIx-ybHsicETKI3Sqrgb/view?usp=drivesdk,Propojení elektronických dokumentů (odkazy) II.,VYT
VY_32_INOVACE_27-14.pdf,https://drive.google.com/file/d/1Ty6YQQrNbOmosVzmHNGY3Z805-l9q-5L/view?usp=drivesdk,Tlačítka,VYT
VY_32_INOVACE_23-04.pdf,https://drive.google.com/file/d/10DG8EEypGIZm2s2RqNR0ACn2z2dLEHta/view?usp=drivesdk,"Kontrola a měření ozubených kol, tlouštˇka zubu, rozteč","STT, KOM"
VY_32_INOVACE_35-10.pdf,https://drive.google.com/file/d/1aXkW5CHqUd5OIkq6M32Ez2E62KnMSPHt/view?usp=drivesdk,Propojení elektronických dokumentů (odkazy) I.,VYT
VY_32_INOVACE_27-12.pdf,https://drive.google.com/file/d/1dBSlZuAkhHJnxWv2F3TpJIRGcb1OGxzn/view?usp=drivesdk,Komponenta CheckBox,VYT
VY_32_INOVACE_35-09.pdf,https://drive.google.com/file/d/1rYbu4j0wWL45U8UGUbeN4L2mCpslIEzc/view?usp=drivesdk,Obrázky na webové stránce,VYT
VY_32_INOVACE_27-11.pdf,https://drive.google.com/file/d/1WRYnDmfBauHJD1sG-iy2b8l6yaIYTG3C/view?usp=drivesdk,Komponenta SpinEdit,VYT
VY_32_INOVACE_35-08.pdf,https://drive.google.com/file/d/1cg2vPf9EW87u_8LD25qkYBPvnJfSaomD/view?usp=drivesdk,Základní sémantické elementy pro práci s textem III.,VYT
VY_32_INOVACE_27-10.pdf,https://drive.google.com/file/d/17RWrLzLSRsebUHCUDqPivy55FV-ok4fT/view?usp=drivesdk,Nástroje pro práci s textem,VYT
VY_32_INOVACE_35-07.pdf,https://drive.google.com/file/d/1FhdWAZsBLD0_3-y59eCRUSZ2e24PgJX2/view?usp=drivesdk,Základní sémantické elementy pro práci s textem II.,VYT
VY_32_INOVACE_35-06.pdf,https://drive.google.com/file/d/1nSUoIKbCgtAxPn4ZRxCgy0POpZ6sc5um/view?usp=drivesdk,Základní sémantické elementy pro práci s textem I.,VYT
VY_32_INOVACE_27-08.pdf,https://drive.google.com/file/d/1JYiQYerq_TXCx2Yt6agAzo0XWamBN-TS/view?usp=drivesdk,Komponenta Edit,VYT
VY_32_INOVACE_35-05.pdf,https://drive.google.com/file/d/16lltbuXZL62M7aWXGem0-APhAKdZJz2Z/view?usp=drivesdk,Validita (X)HTML dokumentu,VYT
VY_32_INOVACE_27-07.pdf,https://drive.google.com/file/d/1KQ4QeUrgoiK_ek0q8IBiuPO4UcUsoCZR/view?usp=drivesdk,Komponenta Label,VYT
VY_32_INOVACE_35-04.pdf,https://drive.google.com/file/d/1PF_nyh4xZc9QNDN2s2-UimGzZdYETSkc/view?usp=drivesdk,Meta data,VYT
VY_32_INOVACE_35-03.pdf,https://drive.google.com/file/d/1wfqE6mHKS74jaBCESDh2ZT2xX9YV_woM/view?usp=drivesdk,Struktura (X)HTML dokumentu,VYT
VY_32_INOVACE_27-05.pdf,https://drive.google.com/file/d/1Sy5C5vZRr_2ECp392oIgAZ-TNUcisHlH/view?usp=drivesdk,Událostmi řízené programování,VYT
VY_32_INOVACE_35-02.pdf,https://drive.google.com/file/d/1GzD5Iq8_32wqQpsj_u_G3FovwdTt1YQs/view?usp=drivesdk,Princip značkovacích jazyků,VYT
VY_32_INOVACE_27-04.pdf,https://drive.google.com/file/d/1F_GbeFrGsCUcL9qMeV2Tk2juKtnC9Q_L/view?usp=drivesdk,Základní vlastnosti okna,VYT
VY_32_INOVACE_35-01.pdf,https://drive.google.com/file/d/1JJzzcOBOf-lCDb261_0Fw4NsQGb4Jcw6/view?usp=drivesdk,Tvorba dokumentů na webu,VYT
VY_32_INOVACE_27-03.pdf,https://drive.google.com/file/d/1Ygy4OtOq7Ms6FMHOJ03fCZcwlQ_fiSHp/view?usp=drivesdk,Principy rychlého vývoje aplikací (RAD),VYT
VY_32_INOVACE_27-02.pdf,https://drive.google.com/file/d/1xW9W6jtNOIDaM9Z_iKlTZA3ygDFPv2Y1/view?usp=drivesdk,Vývojové prostředí (IDE),VYT
VY_32_INOVACE_34-20.pdf,https://drive.google.com/file/d/1a8iwQxRnsqrkYOqQLdX2G-Jv6thXNRfp/view?usp=drivesdk,Využití FTP klientů,VYT
VY_32_INOVACE_27-01.pdf,https://drive.google.com/file/d/1MfVvKdeezA5QzisZWgzMcj56Bdla9kk-/view?usp=drivesdk,Rozdíly mezi programování pro DOS a Windows,VYT
VY_32_INOVACE_34-19.pdf,https://drive.google.com/file/d/1FzC8t-OlR1fGl2DiSxJeHhnSoo2A3oTg/view?usp=drivesdk,Přenos dat protokolem FTP,VYT
VY_32_INOVACE_34-18.pdf,https://drive.google.com/file/d/1jNhuU68cjTrRYimUR4KN6shhJGuIYAcn/view?usp=drivesdk,Charakteristika služby WWW,VYT
VY_32_INOVACE_26-20.pdf,https://drive.google.com/file/d/16qkauMB7AWeGdoVMi5VruoxvP_LYzph3/view?usp=drivesdk,Objektově orientované programování,VYT
VY_32_INOVACE_34-17.pdf,https://drive.google.com/file/d/1-WQZ5wjNCnY_AqyUdayquSLNH4_4YpNU/view?usp=drivesdk,Protokoly elektronické pošty,VYT
VY_32_INOVACE_26-19.pdf,https://drive.google.com/file/d/1U9vyQ3B0DeSU75PA0lkOPgosZSa86MQR/view?usp=drivesdk,Programové jednotky,VYT
VY_32_INOVACE_34-16.pdf,https://drive.google.com/file/d/13k3Iz6QSefSOLfLzjTKm39bc4YAUYaTQ/view?usp=drivesdk,Email,VYT
VY_32_INOVACE_22-13.pdf,https://drive.google.com/file/d/1j66Ouhtugcr61ljv43iPOtymkwO1H-41/view?usp=drivesdk,"Měření odchylek, komparátory s mechanickoelektrickým převodem","STT, KOM"
VY_32_INOVACE_26-17.pdf,https://drive.google.com/file/d/1MlKQ6CW0vTqM1scpwYN0b0DR0G0QAs91/view?usp=drivesdk,Funkce,VYT
VY_32_INOVACE_34-14.pdf,https://drive.google.com/file/d/1_40s7EtwNWvHS5RWxinfx5EwJ-3XamP0/view?usp=drivesdk,IP adresy,VYT
VY_32_INOVACE_26-16.pdf,https://drive.google.com/file/d/1nxdV1Qb_wk1XerMB9rbcNYVt-8N1GOaO/view?usp=drivesdk,Procedury,VYT
VY_32_INOVACE_22-11.pdf,https://drive.google.com/file/d/1w4IsaUvBkZMtvvm52_jlcxt_kAMyRgK8/view?usp=drivesdk,"Měření odchylek, komparátory s mechanickým převodem","STT, KOM"
VY_32_INOVACE_26-15.pdf,https://drive.google.com/file/d/1j8_dJqqxAYnSS8dHqLN7nOu_YMfpod3a/view?usp=drivesdk,Globální a lokální proměnné,VYT
VY_32_INOVACE_34-12.pdf,https://drive.google.com/file/d/1X8yIsgsGssNWjTya-nqNIJ0gDAysw4Fb/view?usp=drivesdk,Vrstvový model TCP/IP,VYT
VY_32_INOVACE_26-14.pdf,https://drive.google.com/file/d/1ZYZGx5BHJlAYt11BOVd0upArMSa5XZhq/view?usp=drivesdk,Podprogramy,VYT
VY_32_INOVACE_34-11.pdf,https://drive.google.com/file/d/11FLJuuVeplwIXa_y0RX0PLYJNAznlYS8/view?usp=drivesdk,Síťová architektura,VYT
VY_32_INOVACE_26-13.pdf,https://drive.google.com/file/d/1ZjfHnGvsxroJP1qaan97XWXZprKA0nEL/view?usp=drivesdk,Hromadný příkaz,VYT
VY_32_INOVACE_34-10.pdf,https://drive.google.com/file/d/1HdaRkGCaspcwTX4PMFrUvs6DOXbusndP/view?usp=drivesdk,Aktivní síťové prvky,VYT
VY_32_INOVACE_26-12.pdf,https://drive.google.com/file/d/1oxsQK-NlBl73w5PbrE_og7YTSM8hyu3l/view?usp=drivesdk,Objekt,VYT
VY_32_INOVACE_34-09.pdf,https://drive.google.com/file/d/1qDj5XV717Im_bTsEUkPoWY9_vOOUhTQ2/view?usp=drivesdk,Pasivní síťové prvky,VYT
VY_32_INOVACE_34-08.pdf,https://drive.google.com/file/d/1WQzg79Xyn0zJWS8NbKeSsMXXP3WnuOOv/view?usp=drivesdk,Sítě se strukturovanou kabeláží,VYT
VY_32_INOVACE_26-10.pdf,https://drive.google.com/file/d/12N9z-zNACWlP5miZ_0wCZ-KercIQiaWf/view?usp=drivesdk,Záznam,VYT
VY_32_INOVACE_34-07.pdf,https://drive.google.com/file/d/1CHof9wWkMrEVOp98TsOC32AIEpaxmy4N/view?usp=drivesdk,Topologie Hvězda,VYT
VY_32_INOVACE_26-09.pdf,https://drive.google.com/file/d/1ub_qSdx_OhQQhL-Ys0GnOAIqaMduNSlM/view?usp=drivesdk,Typové a netypové soubory,VYT
VY_32_INOVACE_34-06.pdf,https://drive.google.com/file/d/1cQvZPqjHwC4IbMpUt5K-CwzGJYUPUPMc/view?usp=drivesdk,Sběrnicová topologie,VYT
VY_32_INOVACE_26-08.pdf,https://drive.google.com/file/d/1D9WjBrl336yhVpKOO2DWR3d6hOm4s2aX/view?usp=drivesdk,Textové soubory,VYT
VY_32_INOVACE_34-05.pdf,https://drive.google.com/file/d/1AsrWvkGzlClDRzWPg4DISYrdKbKNvoB6/view?usp=drivesdk,Topologie počítačových sítí,VYT
VY_32_INOVACE_26-07.pdf,https://drive.google.com/file/d/197mvtr7z26XIsI9D3TiyunR4fGew_h3L/view?usp=drivesdk,Práce se soubory,VYT
VY_32_INOVACE_34-04.pdf,https://drive.google.com/file/d/1-LzLttqlfQhV0H-2pPBIVMMDHM2YxPIH/view?usp=drivesdk,Rozdělení počítačový sítí,VYT
VY_32_INOVACE_26-06.pdf,https://drive.google.com/file/d/1KVlz69DvHzxq2PAoaQfETj_aWRYLiJO1/view?usp=drivesdk,Využití dvourozměrných polí,VYT
VY_32_INOVACE_34-03.pdf,https://drive.google.com/file/d/1idtqMFX8KaIO_oyHzO6srW2uzsHr1dES/view?usp=drivesdk,Pracovní stanice,VYT
VY_32_INOVACE_22-04.pdf,https://drive.google.com/file/d/18V9KoKboOvEh2X6NtHOupf4ngi7xEiQf/view?usp=drivesdk,"Měření teploty, bezdotykové","STT, KOM"
VY_32_INOVACE_26-05.pdf,https://drive.google.com/file/d/18z9tMM34R0ilyPQeYxzQ8PzwNzIke4_W/view?usp=drivesdk,Vícerozměrná pole,VYT
VY_32_INOVACE_34-02.pdf,https://drive.google.com/file/d/1m6eUio75pBkG1BrvZnlHf8Xt4TJzX1mB/view?usp=drivesdk,Server,VYT
VY_32_INOVACE_26-04.pdf,https://drive.google.com/file/d/1bRz-oHMiNVyb1waGR8Gc3gHeMNjtZs5K/view?usp=drivesdk,Třídění dat,VYT
VY_32_INOVACE_34-01.pdf,https://drive.google.com/file/d/15aNE_LYYr6mhSgvtiRQPFrJRim0LGH2x/view?usp=drivesdk,Počítačová síť,VYT
VY_32_INOVACE_26-03.pdf,https://drive.google.com/file/d/14pqZwa5zbbEv-marZL1OyHhSFEEQFauB/view?usp=drivesdk,Textový řetězec jako pole textových znaků,VYT
VY_32_INOVACE_26-02.pdf,https://drive.google.com/file/d/1QyEws7DJqrQcu9GnbuKS4bjYnDOnhWIC/view?usp=drivesdk,Využití jednorozměrných polí,VYT
VY_32_INOVACE_33-20.pdf,https://drive.google.com/file/d/1LrsTsLx8gCMeYSHkWSVKqb-wW5DYwLnJ/view?usp=drivesdk,MS Excel - praktické příklady finančních funkcí 2,VYT
VY_32_INOVACE_26-01.pdf,https://drive.google.com/file/d/10IxA80QWiDMDV_l-8PShOKf4fED69jNl/view?usp=drivesdk,Pole,VYT
VY_32_INOVACE_33-19.pdf,https://drive.google.com/file/d/1GCSPLkGAdl3_VIp_3uzXucv2Qo0Q81HK/view?usp=drivesdk,MS Excel - praktické příklady finančních funkcí 1,VYT
VY_32_INOVACE_33-18.pdf,https://drive.google.com/file/d/1LBDCDZl2ytYWUUKx6ebhszbkKLGLfc1V/view?usp=drivesdk,"MS Excel - budoucí hodnota, platba, úroková míra",VYT
VY_32_INOVACE_33-17.pdf,https://drive.google.com/file/d/1eCo8VjYFFWR5apDAH-k91xEyviqY9JOt/view?usp=drivesdk,MS Excel - úvod do finančních funkcí,VYT
VY_32_INOVACE_25-19.pdf,https://drive.google.com/file/d/1eZaWtxZ_fUCHJQih2TtVcrCAiPDiqIxF/view?usp=drivesdk,Cyklus řízený podmínkou s podmínkou na konci,VYT
VY_32_INOVACE_33-16.pdf,https://drive.google.com/file/d/1t4C_eXvcfFmbrFiY8tBMgMEl2TjRB2_l/view?usp=drivesdk,"MS Excel a MS Access - srovnání, výhody",VYT
VY_32_INOVACE_25-18.pdf,https://drive.google.com/file/d/14uWQBsf1Rmag1tn2ofrLdyLF5inl0A5P/view?usp=drivesdk,Cyklus řízený podmínkou s podmínkou na začátku,VYT
VY_32_INOVACE_33-15.pdf,https://drive.google.com/file/d/1Rkdz1v8sT7FuFcZDyGxs5T74dlGinXvw/view?usp=drivesdk,MS Excel - generování náh. čísel - využití 2,VYT
VY_32_INOVACE_25-16.pdf,https://drive.google.com/file/d/1ASlvlo44XbwHPFkF2F0gPawwnw49Y_Bb/view?usp=drivesdk,Postupné výpočty s využitím cyklů,VYT
VY_32_INOVACE_33-13.pdf,https://drive.google.com/file/d/11Dcy1doPTgESZZP7ZWAlRpx8MyGBGvaI/view?usp=drivesdk,MS Excel - závislost údajů - regrese,VYT
VY_32_INOVACE_18-14.pdf,https://drive.google.com/file/d/1v68xZMYyF2y4Y_7k8QZrhrRgUP1TpTI2/view?usp=drivesdk,Šablona modelu,"SPS, MEC, CAD"
VY_32_INOVACE_25-14.pdf,https://drive.google.com/file/d/1uNSJQM_a9-7JGriDP6hWXpHHV0c9dEg2/view?usp=drivesdk,Vícenásobné větvení,VYT
VY_32_INOVACE_33-11.pdf,https://drive.google.com/file/d/16cqw7OH8hLitW3uCgUQGTZ1FOBF5DA1N/view?usp=drivesdk,MS Excel - využítí vyhledávacích funkcí,VYT
VY_32_INOVACE_33-10.pdf,https://drive.google.com/file/d/16Ty2vpCFsWVIIOfWeDJCe1YaAOuYTLaN/view?usp=drivesdk,MS Excel - využítí základních databázových funkcí,VYT
VY_32_INOVACE_25-12.pdf,https://drive.google.com/file/d/1BZrZcMmCn671kZjvcJggV0BjdmoUR5KZ/view?usp=drivesdk,Podmíněný příkaz,VYT
VY_32_INOVACE_33-09.pdf,https://drive.google.com/file/d/1E-zVu7XwJEFkqhPSAdjt5fjTH_UcrBtz/view?usp=drivesdk,MS Excel - základní databázové funkce,VYT
VY_32_INOVACE_18-09.pdf,https://drive.google.com/file/d/1md42-dMugodderbgjgNPeuuXOWgjbdiL/view?usp=drivesdk,Metody konečných prvků II,"SPS, MEC, CAD"
VY_32_INOVACE_25-11.pdf,https://drive.google.com/file/d/1mW6ZL5GhX6EI6OWPh1voAhaa84kuS_xO/view?usp=drivesdk,Složený příkaz,VYT
VY_32_INOVACE_33-08.pdf,https://drive.google.com/file/d/157eg5OeqmbXuUbunzqMX9gUsg_vrUlyW/view?usp=drivesdk,MS Excel - kontigenční tabulky 2,VYT
VY_32_INOVACE_25-10.pdf,https://drive.google.com/file/d/14qpZgbh2J-5ghBRKt_6mwtxmPA5Khwdx/view?usp=drivesdk,Priorita operátorů,VYT
VY_32_INOVACE_33-07.pdf,https://drive.google.com/file/d/1c07rrx1Ey2-qLHgIM3JIL47QjLqqNkp7/view?usp=drivesdk,MS Excel - kontigenční tabulky 1,VYT
VY_32_INOVACE_18-07.pdf,https://drive.google.com/file/d/12VozIGFIZZukrqV335Ali_FpN6cC14w6/view?usp=drivesdk,Vizualizace III,"SPS, MEC, CAD"
VY_32_INOVACE_25-09.pdf,https://drive.google.com/file/d/155PMxqB9EBORcQhsadtutNRJ2sFia_FW/view?usp=drivesdk,Operátory,VYT
VY_32_INOVACE_33-06.pdf,https://drive.google.com/file/d/1yy3sLSHuYBF1v_h6GOn7IQz2-0ccyk4I/view?usp=drivesdk,MS Excel - souhrny,VYT
VY_32_INOVACE_25-08.pdf,https://drive.google.com/file/d/1Co18h-02MzQLjD0h8OsMBUwHXt5bILEM/view?usp=drivesdk,Výrazy,VYT
VY_32_INOVACE_33-05.pdf,https://drive.google.com/file/d/1PfaHO3eBUqc1-tJ9GcE8Hm0wJu73zUl9/view?usp=drivesdk,MS Excel - obecná práce s databázovou tabulkou,VYT
VY_32_INOVACE_33-04.pdf,https://drive.google.com/file/d/1J_wtIEgkqZg0RRg1kUZIs_03eTO78PXR/view?usp=drivesdk,MS Excel - složitější filtrování databáze,VYT
VY_32_INOVACE_25-06.pdf,https://drive.google.com/file/d/1UPTjAymv5b1Fmw2VV1GOeyXU638wLINJ/view?usp=drivesdk,"Deklarace proměnných a konstant, datové typy v Pascalu",VYT
VY_32_INOVACE_33-03.pdf,https://drive.google.com/file/d/123ZeaeOWh6nLBdbhOpu_PV4DlDGmLR2b/view?usp=drivesdk,MS Excel - filtrování databáze,VYT
VY_32_INOVACE_18-01.pdf,https://drive.google.com/file/d/1a7DV4rHP6xX-3EVsom4hHz0hqw82edsZ/view?usp=drivesdk,Normalizované díly I,"SPS, MEC, CAD"
VY_32_INOVACE_33-02.pdf,https://drive.google.com/file/d/19tHXkZ9slv9_-fQKzK0Yx1DGUYzPq2_N/view?usp=drivesdk,Pojem databáze v MS Excelu,VYT
VY_32_INOVACE_33-01.pdf,https://drive.google.com/file/d/1qPSdqiGysIpZ3kylfxBwFnGwiXDBmKlm/view?usp=drivesdk,Možnosti tabukových procesorů,VYT
VY_32_INOVACE_12-02.pdf,https://drive.google.com/file/d/1wVIPiXj6AVZ1EAXsKleSP_D-7auIK1Kd/view?usp=drivesdk,"Pohyb přímočarý, rovnoměrně zrychlený – zpomalený","SPS, MEC, CAD"
VY_32_INOVACE_25-03.pdf,https://drive.google.com/file/d/1XRIMYrVn0kP_NdpoX9WqyBbgaetiyvRh/view?usp=drivesdk,Proměnné a konstanty,VYT
VY_32_INOVACE_25-02.pdf,https://drive.google.com/file/d/1o5YzrOE2IT3y1AVuUnMYXmByyaTYHAII/view?usp=drivesdk,Příkazy v algoritmech,VYT
VY_32_INOVACE_32-20.pdf,https://drive.google.com/file/d/1YC_0w6zboRxTEByKD15PsTkfh4vbo1X3/view?usp=drivesdk,MySQL - práce s většími daty,VYT
VY_32_INOVACE_25-01.pdf,https://drive.google.com/file/d/1FjLspXw4YDNg972b4UrLHC7l5u6_c70W/view?usp=drivesdk,Základní pojmy programování,VYT
VY_32_INOVACE_12-01.pdf,https://drive.google.com/file/d/1HBtgb2JPTfizL77UqsC4KdXLCrzsr846/view?usp=drivesdk,Pohyb přímočarý rovnoměrný,"SPS, MEC, CAD"
VY_32_INOVACE_32-19.pdf,https://drive.google.com/file/d/1fgdRU0N6VB44-gJMyVJTEsEQtA3Pvclc/view?usp=drivesdk,MySQL - relace,VYT
VY_32_INOVACE_21-20.pdf,https://drive.google.com/file/d/1yJK-X2gzxpOD0UW3O-l2vVsKH4RV_oQK/view?usp=drivesdk,Lepení,"STT, KOM"
VY_32_INOVACE_24-19.pdf,https://drive.google.com/file/d/1QyhtoBQWPXH0_0LxvVGfj8tYZG90A374/view?usp=drivesdk,"Základy praktické metalografie, příprava vzorku","STT, KOM"
VY_32_INOVACE_24-18.pdf,https://drive.google.com/file/d/15m9xft2GJ00qNvJQADGwOd4lf6I1TKbJ/view?usp=drivesdk,Technická prohlídka vozidla (STK),"STT, KOM"
VY_32_INOVACE_21-19.pdf,https://drive.google.com/file/d/13BVRf-cUoCR3e0urjMMRdEw2XgK4FkFz/view?usp=drivesdk,Pájení,"STT, KOM"
VY_32_INOVACE_21-18.pdf,https://drive.google.com/file/d/1zsrZTWQKC3XexDmDfjh8mnwTsUbiLF_d/view?usp=drivesdk,Svařování plastů,"STT, KOM"
VY_32_INOVACE_24-17.pdf,https://drive.google.com/file/d/1VtwBhcr8OMiBKpChs3VScxkycf-v--ae/view?usp=drivesdk,Měření emisí motorových vozidel,"STT, KOM"
VY_32_INOVACE_21-17.pdf,https://drive.google.com/file/d/1yvFIeUVlLpTu29uYhUNP1u1hE0UUGBZJ/view?usp=drivesdk,Netradiční způsoby,"STT, KOM"
VY_32_INOVACE_24-16.pdf,https://drive.google.com/file/d/16NE_64bHrjx6c64EPCbFCHFNgMhKKOcg/view?usp=drivesdk,Měření výkonu motorů,"STT, KOM"
VY_32_INOVACE_21-16.pdf,https://drive.google.com/file/d/1d_YkBxFjwcYKH-FJEGhlMYTA1AqVwGKC/view?usp=drivesdk,Svařování el. odporem,"STT, KOM"
VY_32_INOVACE_24-15.pdf,https://drive.google.com/file/d/1yAYkwlfWriapvr4r4OphsSd-j-Lj9mS8/view?usp=drivesdk,Kontrola hydrodynamického čerpadla,"STT, KOM"
VY_32_INOVACE_21-15.pdf,https://drive.google.com/file/d/1Bos3JuzaXqs8b2i1fZJwGDCuu5EvgqLB/view?usp=drivesdk,Svařování WIG – TIG,"STT, KOM"
VY_32_INOVACE_24-14.pdf,https://drive.google.com/file/d/1TngVriafb9O1ltqDRz_zwUdXzu3J4b8v/view?usp=drivesdk,Kontrola ventilátoru,"STT, KOM"
VY_32_INOVACE_21-14.pdf,https://drive.google.com/file/d/1beT1AZUQxsDw4rfR32SsDVJBeLYgTTWm/view?usp=drivesdk,"Svařování MAG, MIG","STT, KOM"
VY_32_INOVACE_24-13.pdf,https://drive.google.com/file/d/1BZK2AQMdBD8GBCgcY3h94T6UWorICSYk/view?usp=drivesdk,Kontrola tlakových nádob,"STT, KOM"
VY_32_INOVACE_21-13.pdf,https://drive.google.com/file/d/1FdhYt6MHXfoTs09-maUugNFmHs_x42aK/view?usp=drivesdk,Svařování v ochranné atmosféře,"STT, KOM"
VY_32_INOVACE_24-11.pdf,https://drive.google.com/file/d/1-Hykip91InihUql2Rcn9naklf39-ical/view?usp=drivesdk,Kontrola obráběcích strojů – vrtačky a vyvrtávačky,"STT, KOM"
VY_32_INOVACE_24-10.pdf,https://drive.google.com/file/d/1dEMTJ3pMqc0HtgJPikl3vEApajiiPlmC/view?usp=drivesdk,Kontrola obráběcích strojů – frézky,"STT, KOM"
VY_32_INOVACE_21-11.pdf,https://drive.google.com/file/d/10plp6RxZUbxtHWMMYWCBG2_vXXNcVNW-/view?usp=drivesdk,Svařování el.obloukem obalenou elektrodou,"STT, KOM"
VY_32_INOVACE_21-10.pdf,https://drive.google.com/file/d/11dOiVX3GfU19mmpQ8J3gwIo5gt547-Iw/view?usp=drivesdk,"Rozdělení a druhy elektrod, značení, volba","STT, KOM"
VY_32_INOVACE_24-09.pdf,https://drive.google.com/file/d/1F1MVEqiyB5htW3Ye3tWE6zGP7pctv6KQ/view?usp=drivesdk,Kontrola obráběcích strojů – soustruhy,"STT, KOM"
VY_32_INOVACE_24-08.pdf,https://drive.google.com/file/d/149XhZGrtS1P00Kwq43y66cKLEGsI0fyZ/view?usp=drivesdk,"Kontrola obráběcích strojů, zásady a pomůcky","STT, KOM"
VY_32_INOVACE_21-09.pdf,https://drive.google.com/file/d/1754BrteRCduiG8n4vhnGwItNHre9zQvJ/view?usp=drivesdk,Svařování el. obloukem,"STT, KOM"
VY_32_INOVACE_21-08.pdf,https://drive.google.com/file/d/1ATh_1DiRq6Sbk3mM5WLouNIUO2bwWEL9/view?usp=drivesdk,Plyny pro svařování a řezání plamenem,"STT, KOM"
VY_32_INOVACE_24-07.pdf,https://drive.google.com/file/d/11Age6enLG6D8DpIN0GHTxkELDVdxOjIV/view?usp=drivesdk,"Vyvažování, metody","STT, KOM"
VY_32_INOVACE_24-06.pdf,https://drive.google.com/file/d/1myf6n_9KMDF872CKNbnxJslL4WUKOwwr/view?usp=drivesdk,"Vyvažování, základní pojmy","STT, KOM"
VY_32_INOVACE_21-07.pdf,https://drive.google.com/file/d/1x6wI8aIdNBtUv7_AjLydOEnAGxTNmpyW/view?usp=drivesdk,"Druhy hořáků, plamenů","STT, KOM"
VY_32_INOVACE_21-06.pdf,https://drive.google.com/file/d/1j8k-ulynM8jN6YAme4UwrV6qo0bjC6CP/view?usp=drivesdk,"Svařování plamenem, zařízení","STT, KOM"
VY_32_INOVACE_24-05.pdf,https://drive.google.com/file/d/1p3ZJIzYgANvLKexLVujkfD29Il7XsiNA/view?usp=drivesdk,Měření vibrací,"STT, KOM"
VY_32_INOVACE_21-05.pdf,https://drive.google.com/file/d/1S7UMc43GAmRLFhVNcefn844Pl2oGRhsw/view?usp=drivesdk,"Polohy a způsoby, TZ spojů","STT, KOM"
VY_32_INOVACE_24-04.pdf,https://drive.google.com/file/d/1mGq6YhaNUZEjrZ-wWkK9QTdiG9wVySGd/view?usp=drivesdk,Měření otáček,"STT, KOM"
VY_32_INOVACE_21-04.pdf,https://drive.google.com/file/d/1P6UQxWwUy5-PVU9wuEGysMBcX0v87idv/view?usp=drivesdk,"Krystalizace, jakost spoje, pnutí a deformace","STT, KOM"
VY_32_INOVACE_24-03.pdf,https://drive.google.com/file/d/1_ltYWnzeF9CxKNW8TtXEqOpHP0LHoUJY/view?usp=drivesdk,"Zkoušky technických kapalin, zk. maziv","STT, KOM"
VY_32_INOVACE_11-08.pdf,https://drive.google.com/file/d/1eG5aatEkmEM3MbS6pFiKe6-dq3oBxjet/view?usp=drivesdk,Výpočty napětí a deformací,"SPS, MEC, CAD"
VY_32_INOVACE_21-03.pdf,https://drive.google.com/file/d/1sTUXcH_CUoHTI0a1ZcXd9LkNBsipXiuj/view?usp=drivesdk,"Svařitelnost, technologické zásady, příprava materiálu","STT, KOM"
VY_32_INOVACE_24-02.pdf,https://drive.google.com/file/d/1DOTwIStLAMXFo-AheA258PIXDfzHqvZ4/view?usp=drivesdk,"Zkoušky technických kapalin, měření viskozity","STT, KOM"
VY_32_INOVACE_21-02.pdf,https://drive.google.com/file/d/1CIQJymgBhYXVDA3agVpBmIa1qi5b_-JZ/view?usp=drivesdk,Rozdělení a druhy svařování,"STT, KOM"
VY_32_INOVACE_24-01.pdf,https://drive.google.com/file/d/1tc_8a5afZOUeBPo4rr7lzhAx2LXZ3r06/view?usp=drivesdk,"Zkoušky technických kapalin, měření hustoty","STT, KOM"
VY_32_INOVACE_23-20.pdf,https://drive.google.com/file/d/1E-L7gWtUT2NPnVWLwnAi7E_6zsdfHWed/view?usp=drivesdk,"Nedestruktivní defektoskopie, magnetodefektoskopie","STT, KOM"
VY_32_INOVACE_20-20.pdf,https://drive.google.com/file/d/1dLxsb8NUPM5loZ1RnmoPUeBeUjheH1Nt/view?usp=drivesdk,Zkoušky tvárnosti,"STT, KOM"
VY_32_INOVACE_23-19.pdf,https://drive.google.com/file/d/1p2400i_sbqfRomGKBPfLyGcoqY_6rbtJ/view?usp=drivesdk,"Nedestruktivní defektoskopie, radiodefektoskopie","STT, KOM"
VY_32_INOVACE_20-19.pdf,https://drive.google.com/file/d/1KAc3CY61uJVVz6chIKPkQ0v-O558uQWl/view?usp=drivesdk,Tváření závitů,"STT, KOM"
VY_32_INOVACE_23-18.pdf,https://drive.google.com/file/d/1QifY5RHS5ismoaPFUabXyfw9ovMUdrNq/view?usp=drivesdk,"Nedestruktivní defektoskopie, zk. zvukem a ultrazvukem","STT, KOM"
VY_32_INOVACE_23-17.pdf,https://drive.google.com/file/d/1Ktno7jBxFI3qKOuM8j7ku-ugdR_KleUl/view?usp=drivesdk,"Nedestruktivní defektoskopie, zk. kapilární","STT, KOM"
VY_32_INOVACE_20-16.pdf,https://drive.google.com/file/d/1cije6i3OQz4cuANcDjTh_N5OnXeY7-F5/view?usp=drivesdk,Konstrukce tažných nástrojů,"STT, KOM"
VY_32_INOVACE_23-15.pdf,https://drive.google.com/file/d/1KuuzlKWJct9CRyD4pFzYVXLsRCyuO0UP/view?usp=drivesdk,Zkoušky druhu materiálu zk. jiskrová,"STT, KOM"
VY_32_INOVACE_20-15.pdf,https://drive.google.com/file/d/1V7IjqvpvBMtQpd6yYbAAmdQFgIuiN4VR/view?usp=drivesdk,Tažení,"STT, KOM"
VY_32_INOVACE_23-14.pdf,https://drive.google.com/file/d/1vSvR4NL5kZUYdwoqtIwtVUQ3Zl1oWH4m/view?usp=drivesdk,"Zkoušky technologické, zk. slévárenské","STT, KOM"
VY_32_INOVACE_20-14.pdf,https://drive.google.com/file/d/1Lquo59BH501nYRMwgnHQpgKZOXP9fs0r/view?usp=drivesdk,Konstrukce ohýbacích nástrojů,"STT, KOM"
VY_32_INOVACE_23-13.pdf,https://drive.google.com/file/d/1is-0yO7xc3uFnBNneisc3IeSViFBLyBD/view?usp=drivesdk,"Zkoušky technologické, zk. Prokalitelnosti","STT, KOM"
VY_32_INOVACE_20-13.pdf,https://drive.google.com/file/d/1NumPviqN0KeYbtZjDCJefNMYsxYk9Io_/view?usp=drivesdk,Ohýbání,"STT, KOM"
VY_32_INOVACE_23-12.pdf,https://drive.google.com/file/d/1sXfth1OEFNRAntAKufru7tZPSPs5lNKz/view?usp=drivesdk,"Zkoušky technologické, zk. plechů, drátů, plochého a tyčového materiálu","STT, KOM"
VY_32_INOVACE_20-12.pdf,https://drive.google.com/file/d/1yw4xHT03kM13DL0YXq1gdY4Uk-_-Vepi/view?usp=drivesdk,Přesný střih,"STT, KOM"
VY_32_INOVACE_23-11.pdf,https://drive.google.com/file/d/12JLhze4Iw1k-4LlEOcDsT2qIHxNS4g4i/view?usp=drivesdk,"Kontrola a měření tvrdosti, zk. odrazové a jiné","STT, KOM"
VY_32_INOVACE_23-10.pdf,https://drive.google.com/file/d/1n2HO-Yggp9bWU9caiIfUX5xmGhKqcGUH/view?usp=drivesdk,"Kontrola a měření tvrdosti, zk. vnikací","STT, KOM"
VY_32_INOVACE_20-10.pdf,https://drive.google.com/file/d/1CzBb4WkbeZT7683XfQFYnytXAMSEEiLx/view?usp=drivesdk,Střihání,"STT, KOM"
VY_32_INOVACE_23-09.pdf,https://drive.google.com/file/d/1cNAm-1e6Wwfc_1v5uHdal4qtMht54_Mz/view?usp=drivesdk,"Pevnostní zkoušky dynamické, únava materiálu","STT, KOM"
VY_32_INOVACE_16-13.pdf,https://drive.google.com/file/d/1Jc9KPa0u0qr2JGc0fNe5V16pvsXXr68h/view?usp=drivesdk,Výkresová dokumentace sestav II,"SPS, MEC, CAD"
VY_32_INOVACE_16-12.pdf,https://drive.google.com/file/d/18FBV7Q1lq7EEzvZoyETB38-f_Rwb6zsD/view?usp=drivesdk,Výkresová dokumentace sestav I,"SPS, MEC, CAD"
VY_32_INOVACE_23-08.pdf,https://drive.google.com/file/d/1yMzfX_lT-Vb1U6aUTX_FavoQ11k0e-p1/view?usp=drivesdk,"Pevnostní zkoušky dynamické, zk. houževnatosti","STT, KOM"
VY_32_INOVACE_20-09.pdf,https://drive.google.com/file/d/1u72f4juz-ShCG6iwnyCVHiKlxOle3URD/view?usp=drivesdk,"Tváření za studena, přehled , rozdělení","STT, KOM"
VY_32_INOVACE_20-08.pdf,https://drive.google.com/file/d/1Uy-Jb5khTynAck322HbES8VpWuUmMiwH/view?usp=drivesdk,Zvláštní způsoby tváření za tepla,"STT, KOM"
VY_32_INOVACE_23-07.pdf,https://drive.google.com/file/d/1vkVgcKF7UPmCdNak99DwKqSg-2Ut-ki_/view?usp=drivesdk,Pevnostní zkoušky statické,"STT, KOM"
VY_32_INOVACE_10-16.pdf,https://drive.google.com/file/d/19Oj8N1KaROe4QS6LgfHtjsUffJKyjQmZ/view?usp=drivesdk,Stabilita těles,"SPS, MEC, CAD"
VY_32_INOVACE_20-07.pdf,https://drive.google.com/file/d/11QJtnyiLfC2I116gJOIraaTxUsfIonnj/view?usp=drivesdk,"Zápustky, rozdělení , úpravy","STT, KOM"
VY_32_INOVACE_23-06.pdf,https://drive.google.com/file/d/1l_ZslEAVqe7zLbsGZagilH1bPZHFXNuf/view?usp=drivesdk,Kontrola a měření řezných nástrojů,"STT, KOM"
VY_32_INOVACE_20-06.pdf,https://drive.google.com/file/d/1W1qa3g5EbShCGf428WLG5MkB6pxjyOZH/view?usp=drivesdk,Návrh zápustky,"STT, KOM"
VY_32_INOVACE_23-05.pdf,https://drive.google.com/file/d/15e5WJujGKaOmp21hfbrOM_CKwheV6SOs/view?usp=drivesdk,"Kontrola a měření ozubených kol, házivost, profil zubů","STT, KOM"
VY_32_INOVACE_20-05.pdf,https://drive.google.com/file/d/1iC_w0jduq9xatx0IwjHEcCQ9AFvO1oBr/view?usp=drivesdk,Návrh výkovku,"STT, KOM"
VY_32_INOVACE_20-04.pdf,https://drive.google.com/file/d/13UNKTD_wS6RItpyhVJeLTQmgvV9lUAnc/view?usp=drivesdk,"Tváření za tepla, zápustkové kování","STT, KOM"
VY_32_INOVACE_10-12.pdf,https://drive.google.com/file/d/1nrRFYeW_PFD-MlEiUtNg9HqS_4ssIYdv/view?usp=drivesdk,Momen síly vzhledem k bodu,"SPS, MEC, CAD"
VY_32_INOVACE_20-03.pdf,https://drive.google.com/file/d/1NT3vBCvneAkudkCPyjStmgufA8yPm-Lj/view?usp=drivesdk,"Tváření za tepla, volné kování","STT, KOM"
VY_32_INOVACE_20-02.pdf,https://drive.google.com/file/d/14qERh4VRCUqWkeVbIFYDvDS84dy7bpeg/view?usp=drivesdk,Stroje pro tváření,"STT, KOM"
VY_32_INOVACE_23-01.pdf,https://drive.google.com/file/d/1Jrspo1cadZAEXm1dMpNAqLbaZzB1iHhw/view?usp=drivesdk,Kontrola a měření stoupání a středního průměru závitu,"STT, KOM"
VY_32_INOVACE_20-01.pdf,https://drive.google.com/file/d/1nP4UtG91eDO5XkOEjE9FfO2yDgsggOyn/view?usp=drivesdk,"Teorie tváření, zákony, rozdělení, základní pojmy","STT, KOM"
VY_32_INOVACE_22-20.pdf,https://drive.google.com/file/d/190FDyM3SKKcpsAc4WQ6HYYP1Nho_-S74/view?usp=drivesdk,Kontrola rovinnosti ploch,"STT, KOM"
VY_32_INOVACE_19-20.pdf,https://drive.google.com/file/d/1tInevbL-dgHQ11X6lLlqtyLmuVdTYFEs/view?usp=drivesdk,"Obrábění vysokými rychlostmi, Rapid prototyping","STT, KOM"
VY_32_INOVACE_22-19.pdf,https://drive.google.com/file/d/1nzWZsXyCIqW8hdm9ySOWkA2hUpkYq-b7/view?usp=drivesdk,Kontrola a měření sklonů,"STT, KOM"
VY_32_INOVACE_19-19.pdf,https://drive.google.com/file/d/1Cac-KVDNQTQRFvtakHfUi5MKtRRUoFU3/view?usp=drivesdk,Výroba ozubení – shrnutí,"STT, KOM"
VY_32_INOVACE_22-18.pdf,https://drive.google.com/file/d/1_lbDZJMMWvyCmjcrl8fEXY3csDLO5jT7/view?usp=drivesdk,Kontrola a měření úhlů,"STT, KOM"
VY_32_INOVACE_10-08.pdf,https://drive.google.com/file/d/142lhAGSzqLWduzjLZequp_LTnZv80AmK/view?usp=drivesdk,Určení výslednice soustavy sil působících ve společném působišti mající různý směr,"SPS, MEC, CAD"
VY_32_INOVACE_19-18.pdf,https://drive.google.com/file/d/1nBCnNTLa2ttGlbV0z-l7x5yMAoGa_ZMs/view?usp=drivesdk,Výroba závitů – shrnutí a doplnění,"STT, KOM"
VY_32_INOVACE_22-17.pdf,https://drive.google.com/file/d/1r5lhp-8iMBJeav4xU7cFc5h858IrRh9q/view?usp=drivesdk,Kalibry na kontrolu kuželů a kalibry zvláštní,"STT, KOM"
VY_32_INOVACE_19-17.pdf,https://drive.google.com/file/d/1oJlEf07mbKt9ZgeeZ9fwhItUP6CvaIaj/view?usp=drivesdk,Fyzikální metody obrábění 2,"STT, KOM"
VY_32_INOVACE_22-16.pdf,https://drive.google.com/file/d/1QBA2Kx7bjTXg1bVg_rhzOcpK1rXpE4mN/view?usp=drivesdk,Kalibry na kontrolu vnitřních rozměrů,"STT, KOM"
VY_32_INOVACE_19-16.pdf,https://drive.google.com/file/d/1GFDonb3c9n21GQRACg7zohFkXChXUvVh/view?usp=drivesdk,Fyzikální metody obrábění 1,"STT, KOM"
VY_32_INOVACE_16-02.pdf,https://drive.google.com/file/d/1K-IE9GSNtcQMBra1axUVQfDxk7_iCXEa/view?usp=drivesdk,Skicovací nástroje II,"SPS, MEC, CAD"
VY_32_INOVACE_10-07.pdf,https://drive.google.com/file/d/19but1ViHQDBrQ-2uQKQ5ws0ZqEe3dEqC/view?usp=drivesdk,"Rozklad síly do dvou směrů, početně","SPS, MEC, CAD"
VY_32_INOVACE_10-06.pdf,https://drive.google.com/file/d/1OwqE5BVoOoJJlFIZX7RMzfYDzyoqVPxh/view?usp=drivesdk,"Rozklad síly do dvou směrů, graficky","SPS, MEC, CAD"
VY_32_INOVACE_19-15.pdf,https://drive.google.com/file/d/1yomxcNjQQ6Sl7bfvpgNH-spejxZxr76H/view?usp=drivesdk,Dokončovací metody obrábění 2,"STT, KOM"
VY_32_INOVACE_22-14.pdf,https://drive.google.com/file/d/1-sjPAcSzGP1NoWJ09_ry615FIexs5Chv/view?usp=drivesdk,"Měření odchylek, komparátory s pneumatickým převodem","STT, KOM"
VY_32_INOVACE_19-14.pdf,https://drive.google.com/file/d/14SpyBpq94gY3wTSqqp3vH2TV6bjjblyZ/view?usp=drivesdk,Dokončovací metody obrábění 1,"STT, KOM"
VY_32_INOVACE_19-13.pdf,https://drive.google.com/file/d/13bgfvFaaY0uaPK6PywYx8JYApWUvrrRs/view?usp=drivesdk,Broušení,"STT, KOM"
VY_32_INOVACE_22-12.pdf,https://drive.google.com/file/d/1NPTVY97gk9LeAiNUJ6qIsFol1doZdeZf/view?usp=drivesdk,"Měření odchylek, komparátory s mechanickooptickým převodem","STT, KOM"
VY_32_INOVACE_19-12.pdf,https://drive.google.com/file/d/10-1kZXkRmAz1HJROOn97RjwiyIutdpV1/view?usp=drivesdk,"Protahování, protlačování","STT, KOM"
VY_32_INOVACE_22-10.pdf,https://drive.google.com/file/d/1IvjjWHqV7H912yO-J68qRQfX_ua9R6_-/view?usp=drivesdk,"Měření délkových rozměrů, mikrometry","STT, KOM"
VY_32_INOVACE_19-10.pdf,https://drive.google.com/file/d/1QBaKHTAdeB3-Z9HjrZtCdoG3BZwckNYP/view?usp=drivesdk,"Vrtání, vyvrtávání, vyhrubování, vystružování","STT, KOM"
VY_32_INOVACE_10-02.pdf,https://drive.google.com/file/d/1CxtpI_CYQjae4T7-RA6Nvoz_K7pyYRXE/view?usp=drivesdk,Určení síly v rovině a prostoru,"SPS, MEC, CAD"
VY_32_INOVACE_22-09.pdf,https://drive.google.com/file/d/1rctlIPCgjgthguaTVv9wamPzm2mtD7ka/view?usp=drivesdk,"Měření délkových rozměrů, měřidla s noniem","STT, KOM"
VY_32_INOVACE_19-09.pdf,https://drive.google.com/file/d/1Roe3G44qB5qii4ZSUcPEtFDm1KE5NBJ6/view?usp=drivesdk,Frézování,"STT, KOM"
VY_32_INOVACE_22-08.pdf,https://drive.google.com/file/d/1rtVDtJZinmlZDmvLP6UzS2VOZ2lTL5HL/view?usp=drivesdk,"Měření délkových rozměrů, základní měrky","STT, KOM"
VY_32_INOVACE_19-08.pdf,https://drive.google.com/file/d/1-0_1o4d2fupx_PamGvJxeo_-XREh8ncE/view?usp=drivesdk,Soustružení,"STT, KOM"
VY_32_INOVACE_15-16.pdf,https://drive.google.com/file/d/18Lgtm8CT7_Amr6rNmWrjzxQd44AGjEMZ/view?usp=drivesdk,Vačkové mechanizmy,"SPS, MEC, CAD"
VY_32_INOVACE_22-07.pdf,https://drive.google.com/file/d/1waPIGe-jVGDe5wtz6t4lF-PEl1CAyAJs/view?usp=drivesdk,Měření vlhkosti,"STT, KOM"
VY_32_INOVACE_19-07.pdf,https://drive.google.com/file/d/1oNWLrGGBE78vUabfhU07y-kA97phBN26/view?usp=drivesdk,"Silové poměry, tepelná bilance","STT, KOM"
VY_32_INOVACE_22-06.pdf,https://drive.google.com/file/d/1RXW2dmV1XDz5ytBbu7bXgj5oEnYMowV5/view?usp=drivesdk,"Měření tlaku, deformační, pístové a jiné tlakoměry","STT, KOM"
VY_32_INOVACE_19-05.pdf,https://drive.google.com/file/d/1QCyecKkLuK7yL12WjqB_uDiD2AL-3KHs/view?usp=drivesdk,"Trvanlivost, obrobitelnost, opotřebení břitu","STT, KOM"
VY_32_INOVACE_22-05.pdf,https://drive.google.com/file/d/1kl57Vx1D6eAYxy6olYoNlWLZyFEew6WL/view?usp=drivesdk,"Měření tlaku, kapalinové tlakoměry","STT, KOM"
VY_32_INOVACE_19-04.pdf,https://drive.google.com/file/d/1a9Pn7kVda9N_nVrcY5nW1U9RQLBZ0M2i/view?usp=drivesdk,"Mechanika tvoření třísky, nárůstek, lamače třísek","STT, KOM"
VY_32_INOVACE_22-03.pdf,https://drive.google.com/file/d/14kJ29bJ3O4_tJ66UVkAlbpuUb217ZnHl/view?usp=drivesdk,"Měření teploty, kontaktní","STT, KOM"
VY_32_INOVACE_19-03.pdf,https://drive.google.com/file/d/1sFNVyW1IMZ25xZz3hpGEtPsnGp26ABjm/view?usp=drivesdk,Nástrojové řezné materiály,"STT, KOM"
VY_32_INOVACE_22-02.pdf,https://drive.google.com/file/d/1Zc1B1OlBF86T0bGMtjRnrrVzdkrH4_ro/view?usp=drivesdk,"Bezpečnost práce v laboratoři, 1.pomoc","STT, KOM"
VY_32_INOVACE_19-02.pdf,https://drive.google.com/file/d/1uzA4Vtcb_Z2HfXOZ7IW5-b2bfCqq_Yxk/view?usp=drivesdk,"Geometrie břitu, hlavní části nástroje, IT a Ra","STT, KOM"
VY_32_INOVACE_22-01.pdf,https://drive.google.com/file/d/1S-0wcbPQV8t8Ctvfn9BlJlxKXAGjLOW4/view?usp=drivesdk,"Úvod, seznámení s učivem, literatura, laboratorní řád, formální úprava technických zpráv","STT, KOM"
VY_32_INOVACE_19-01.pdf,https://drive.google.com/file/d/1xEqS4N6nE9v_wM3G4qH9otHyJtrDT1hQ/view?usp=drivesdk,"Přehled metod, základní pojmy","STT, KOM"
VY_32_INOVACE_15-11.pdf,https://drive.google.com/file/d/1E16PcvO9ixlwIVuRgGTS4OWRTesHEmUU/view?usp=drivesdk,Variátory,"SPS, MEC, CAD"
VY_32_INOVACE_09-16.pdf,https://drive.google.com/file/d/1zdQm6rk01PytVzVDX5USa_aNUJQleKS5/view?usp=drivesdk,"Přetlaková parní turbína, p + c","SPS, MEC, CAD"
VY_32_INOVACE_18-20.pdf,https://drive.google.com/file/d/1nPvNPIhMJkFHeUdGQF5IQnIW8P-jF0YM/view?usp=drivesdk,Šablony tabulek přířezů,"SPS, MEC, CAD"
VY_32_INOVACE_13-02.pdf,https://drive.google.com/file/d/1DhWnfZTY3l4c4kl8PGkxqm2ggB6hchZ7/view?usp=drivesdk,"Druhy šroubů a matic, třídy pevnosti","SPS, MEC, CAD"
VY_32_INOVACE_13-01-01.pdf,https://drive.google.com/file/d/125Cvtl5D-un-v_X2Zd009tQGvOcpYfXi/view?usp=drivesdk,,"SPS, MEC, CAD"
VY_32_INOVACE_18-19.pdf,https://drive.google.com/file/d/1WfAgWKpJDYpxzou08MCPyyhzwGvRdHF_/view?usp=drivesdk,Šablony kusovníků,"SPS, MEC, CAD"
VY_32_INOVACE_15-10.pdf,https://drive.google.com/file/d/1lNayA6csgszhjOEIuFL4KvxPAvgsPBP7/view?usp=drivesdk,Řetězové převody,"SPS, MEC, CAD"
VY_32_INOVACE_18-18.pdf,https://drive.google.com/file/d/1SjCSej4NErdTSTnCqSD2jw7Ck6Udr89q/view?usp=drivesdk,Uživatelské vlastnosti ve výkresech,"SPS, MEC, CAD"
VY_32_INOVACE_13-01.pdf,https://drive.google.com/file/d/1lfcmRnJ0XWIx_qPBNHy2_0P7o-07Fbq_/view?usp=drivesdk,Šroubové spoje - základní pojmy,"SPS, MEC, CAD"
VY_32_INOVACE_18-17.pdf,https://drive.google.com/file/d/1OF8pz3HxIrfuMWxDyYm1zYh-cJC_nz8p/view?usp=drivesdk,Formáty výkresu,"SPS, MEC, CAD"
VY_32_INOVACE_18-16.pdf,https://drive.google.com/file/d/1lo48lEmjI0xT4uGHBJmIlEXWWM4wY_ij/view?usp=drivesdk,Šablona výkresu,"SPS, MEC, CAD"
VY_32_INOVACE_18-15.pdf,https://drive.google.com/file/d/1Zc1T0MtfXqTqtE__6J1vjxIbVE8YtIWB/view?usp=drivesdk,Šablona sestavy,"SPS, MEC, CAD"
VY_32_INOVACE_18-13.pdf,https://drive.google.com/file/d/1LPFRx6yY-vuN-BPJGo7HqD_7ojLrGOxl/view?usp=drivesdk,Významné vlastnosti a nastavení dokumentů,"SPS, MEC, CAD"
VY_32_INOVACE_18-12.pdf,https://drive.google.com/file/d/13QreoGwrDZY1bJjYe11lnYCjl60Nw5Qb/view?usp=drivesdk,Nastavení parametrického modeláře,"SPS, MEC, CAD"
VY_32_INOVACE_18-10.pdf,https://drive.google.com/file/d/1aNnIpkTkiTUZiOsTSp0zBDLym00xDa7f/view?usp=drivesdk,Publikování projektů a jeho využití I,"SPS, MEC, CAD"
VY_32_INOVACE_18-06.pdf,https://drive.google.com/file/d/1qRGD18ZRLQpCfyuYh9TTC0cRoQStI04g/view?usp=drivesdk,Vizualizace II,"SPS, MEC, CAD"
VY_32_INOVACE_18-04.pdf,https://drive.google.com/file/d/1UPQr6HQkddFFyDiO53RVkG2ZsxP9hdIv/view?usp=drivesdk,Normalizované prvky II,"SPS, MEC, CAD"
VY_32_INOVACE_18-02.pdf,https://drive.google.com/file/d/1b41DyHZ9iIpdrKqJ_NyS7lzv6gWgeEMz/view?usp=drivesdk,Normalizované díly II,"SPS, MEC, CAD"
VY_32_INOVACE_15-04.pdf,https://drive.google.com/file/d/10DzstNv2ptMlab9sqa8BX9VFhqL28cbt/view?usp=drivesdk,Silové poměry v čelním soukolí,"SPS, MEC, CAD"
VY_32_INOVACE_12-03.pdf,https://drive.google.com/file/d/1VZFohIkz0TCOQy1VLtRk-zgpRbHfMF-A/view?usp=drivesdk,Pohyb po kružnici rovnoměrný,"SPS, MEC, CAD"
VY_32_INOVACE_17-19.pdf,https://drive.google.com/file/d/1ZXc_OKFmiCii4yKr_zGTsE4PbEC4X0eA/view?usp=drivesdk,Bloky I,"SPS, MEC, CAD"
VY_32_INOVACE_15-03.pdf,https://drive.google.com/file/d/1ZUro33DhseILmYLu4901F83rW_SACwgJ/view?usp=drivesdk,Čelní soukolí se šikmými zuby,"SPS, MEC, CAD"
VY_32_INOVACE_09-07.pdf,https://drive.google.com/file/d/1nmqUoZThBOui11tYVWaGLDE7FeODK1XY/view?usp=drivesdk,Axiální turbokompresory,"SPS, MEC, CAD"
VY_32_INOVACE_17-18.pdf,https://drive.google.com/file/d/1n8E24WZNcIlFWc7WlPJjVB3qiW5dO9H9/view?usp=drivesdk,Konfigurace III,"SPS, MEC, CAD"
VY_32_INOVACE_15-02.pdf,https://drive.google.com/file/d/1SU5XQj1a1VWDvWLD7sSRMZnYKfLdWJ7J/view?usp=drivesdk,Čelní soukolí s vnějším přímým ozubením,"SPS, MEC, CAD"
VY_32_INOVACE_17-17.pdf,https://drive.google.com/file/d/1TUr00mnBVeuX-wazoPpELWHq6OUiTc8e/view?usp=drivesdk,Konfigurace II,"SPS, MEC, CAD"
VY_32_INOVACE_17-16.pdf,https://drive.google.com/file/d/1jeXvTCU_QwtTjlH5smRz8-yt1a65fX_i/view?usp=drivesdk,Konfigurace I,"SPS, MEC, CAD"
VY_32_INOVACE_11-20.pdf,https://drive.google.com/file/d/1Ygxz9pU8zZZ9YmucNhDoyOMH_-Hu28o8/view?usp=drivesdk,"Wöhlerova křivka, únava materiálu, Smithův a Haigův diagram materiálu, Smithův a Haigův diagram skutečné součásti, kontrola dynamicky namáhaných součástí","SPS, MEC, CAD"
VY_32_INOVACE_17-15.pdf,https://drive.google.com/file/d/1Fkren1OZ-RMNtFhNgAqaXEF2boMf3S5w/view?usp=drivesdk,Simulace,"SPS, MEC, CAD"
VY_32_INOVACE_11-19.pdf,https://drive.google.com/file/d/1LdIpW061TE232zR76Wym2PgfIkQxVPVe/view?usp=drivesdk,"Cyklické namáhání, stanovení meze únavy součásti","SPS, MEC, CAD"
VY_32_INOVACE_17-14.pdf,https://drive.google.com/file/d/1J7FtHc-IKNaJa5LKDnDopw8mtBhjGz7w/view?usp=drivesdk,Speciální plechové díly,"SPS, MEC, CAD"
VY_32_INOVACE_11-18.pdf,https://drive.google.com/file/d/1yFqeBVSp5Oz7vmubVOQlU_YFyl-0F9dy/view?usp=drivesdk,"Cyklické namáhání, druhy cyklických namáhání, stanovení meze únavy vzorku","SPS, MEC, CAD"
VY_32_INOVACE_17-13.pdf,https://drive.google.com/file/d/1sCMwC3p35ol6tAczDgF4rpZBrklqv2k1/view?usp=drivesdk,Svařované konstrukce prutové II,"SPS, MEC, CAD"
VY_32_INOVACE_11-17.pdf,https://drive.google.com/file/d/11YYvFRUGR9fG9gf-nMTTKEp9TdWVfnOa/view?usp=drivesdk,"Vzpěr, mezní stav stability, pevnostní podmínky pro tlak, nepružný a pružný vzpěr","SPS, MEC, CAD"
VY_32_INOVACE_11-16.pdf,https://drive.google.com/file/d/1MC5TiioPZeElWnr8QBuCG2BrGE-YuGaD/view?usp=drivesdk,"Složená namáhání, redukované namáhání","SPS, MEC, CAD"
VY_32_INOVACE_17-12.pdf,https://drive.google.com/file/d/11yja7Xy7-PYi-YpGNYpf_Xo-McbIEk6U/view?usp=drivesdk,Svařované konstrukce prutové I,"SPS, MEC, CAD"
VY_32_INOVACE_17-11.pdf,https://drive.google.com/file/d/1CilbNXH7c7X2TwhMwWMXkfhzGtJi4G7Q/view?usp=drivesdk,3D skici,"SPS, MEC, CAD"
VY_32_INOVACE_11-15.pdf,https://drive.google.com/file/d/1Pzd332DoXoyGnvtFWJYTzTPYav5dLi4d/view?usp=drivesdk,Nosníky – stejné pevnosti,"SPS, MEC, CAD"
VY_32_INOVACE_17-10.pdf,https://drive.google.com/file/d/19gjvINjLduWveLNolDPmH2dwMpCfIwth/view?usp=drivesdk,Křivky II,"SPS, MEC, CAD"
VY_32_INOVACE_11-14.pdf,https://drive.google.com/file/d/12B6pA9FDVlYlU1gVqxqgDkQDMMPhcOYt/view?usp=drivesdk,Nosníky – průběh ohybového momentu a posouvající síly,"SPS, MEC, CAD"
VY_32_INOVACE_17-09.pdf,https://drive.google.com/file/d/1iYj7-fC4BQHe-b486pBzD5vuidntyi-6/view?usp=drivesdk,Křivky I,"SPS, MEC, CAD"
VY_32_INOVACE_11-13.pdf,https://drive.google.com/file/d/1EVh2UedO-ej9H8aVMGfhWuKxJOxa7VKy/view?usp=drivesdk,"Základní druhy namáhíní, OHYB. Výpočet napětí, rozložení po průřezu, deformace, výpočet rozměrů","SPS, MEC, CAD"
VY_32_INOVACE_08-20.pdf,https://drive.google.com/file/d/1Y29AZ49tz2Ta7saWC-Oybl3ATpUzVG4q/view?usp=drivesdk,Řídící jednotka,"SPS, MEC, CAD"
VY_32_INOVACE_17-08.pdf,https://drive.google.com/file/d/1lR64oeSYnqeEaPAg2jjVbZKMh1FM2CWX/view?usp=drivesdk,Kombinace plošného a objemového modelování,"SPS, MEC, CAD"
VY_32_INOVACE_11-12.pdf,https://drive.google.com/file/d/1XPDE5ZtZKm7wSMrfVv7TWmFQq7ULLlc8/view?usp=drivesdk,"Základní druhy namáhání, KRUT. Výpočet napětí, rozložení po průřezu, deformace, výpočet rozměrů","SPS, MEC, CAD"
VY_32_INOVACE_17-07.pdf,https://drive.google.com/file/d/13Aiks78OihB9yPJ7u6BN6_ShdN9n_jli/view?usp=drivesdk,Modelování povrchů III,"SPS, MEC, CAD"
VY_32_INOVACE_11-11.pdf,https://drive.google.com/file/d/1VdGrEF4yFuvmCriZMn52QW2HDI8Z8gnI/view?usp=drivesdk,Steinerova věta a průřezové moduly,"SPS, MEC, CAD"
VY_32_INOVACE_17-06.pdf,https://drive.google.com/file/d/1Dt4j5yo7-lFsNT8PC6qUoMhd3srTUw6p/view?usp=drivesdk,Modelování povrchů II,"SPS, MEC, CAD"
VY_32_INOVACE_11-10.pdf,https://drive.google.com/file/d/1EVMDIP8FjnFGb3Iw_vvSe0s7a1WHeA6B/view?usp=drivesdk,Průřezové charaktristiky základních profilů,"SPS, MEC, CAD"
VY_32_INOVACE_17-03.pdf,https://drive.google.com/file/d/1rcLclIfRGTCdbhbfyNhwUuq_K75PeLb5/view?usp=drivesdk,Speciální prvky modelování II,"SPS, MEC, CAD"
VY_32_INOVACE_11-07.pdf,https://drive.google.com/file/d/1E9JNzXtYkNO73RDDHVE229Cec664d21C/view?usp=drivesdk,"Základní druhy namáhíní, SMYK","SPS, MEC, CAD"
VY_32_INOVACE_08-16.pdf,https://drive.google.com/file/d/1kOEOpduNuAHV1ZN8nPwa7QDmPXeCvNz4/view?usp=drivesdk,Přímé vstřikování paliva,"SPS, MEC, CAD"
VY_32_INOVACE_17-02.pdf,https://drive.google.com/file/d/1jFjBlH1bGjbARAq-X_XpCaZ8KMl9rApJ/view?usp=drivesdk,Speciální prvky modelování I,"SPS, MEC, CAD"
VY_32_INOVACE_11-06.pdf,https://drive.google.com/file/d/1-aqSxeog0SVze1OrItqzoXprQOZUBV4V/view?usp=drivesdk,Stanovení kritického průřezu a určení napětí,"SPS, MEC, CAD"
VY_32_INOVACE_17-01.pdf,https://drive.google.com/file/d/18tntiTzaufT_EbOoVTBoTfisawpvxFXr/view?usp=drivesdk,Animace,"SPS, MEC, CAD"
VY_32_INOVACE_11-05.pdf,https://drive.google.com/file/d/1Y0P0r1Pq6dlqpBGuDlYetAQfdq1rwk4j/view?usp=drivesdk,Výpočty napětí a deformací,"SPS, MEC, CAD"
VY_32_INOVACE_11-04.pdf,https://drive.google.com/file/d/1od3tSwwnE_mPu_oFWNX-61jYv3y4eqIn/view?usp=drivesdk,Hookeuv zákon,"SPS, MEC, CAD"
VY_32_INOVACE_16-20.pdf,https://drive.google.com/file/d/1ek4NTh8me3YtHlhFcdx_IWwLaBdcdDOG/view?usp=drivesdk,Rozložené stavy sestav a jejich využití,"SPS, MEC, CAD"
VY_32_INOVACE_11-03.pdf,https://drive.google.com/file/d/1N0zD5M7upJZMK98HpKhGvy-pO3dTdkSG/view?usp=drivesdk,Průběh namáhání a dovolená napětí,"SPS, MEC, CAD"
VY_32_INOVACE_16-19.pdf,https://drive.google.com/file/d/15qB6NsBD1Xjk71gOckb9lojfNntC0kcw/view?usp=drivesdk,Výkresová dokumentace plechových dílů,"SPS, MEC, CAD"
VY_32_INOVACE_11-02.pdf,https://drive.google.com/file/d/1q0F4AuB9OnUJkuDgtw7-ekfk73DJDazw/view?usp=drivesdk,Smluvní diagram tahové zkoušky,"SPS, MEC, CAD"
VY_32_INOVACE_16-18.pdf,https://drive.google.com/file/d/1XOktAqyTwQTFN3nU6CWuED45ptvZvMIT/view?usp=drivesdk,Plechové díly II,"SPS, MEC, CAD"
VY_32_INOVACE_11-01.pdf,https://drive.google.com/file/d/1awsT4myy0CSfdhrtVgJlLEL5vcm4HCro/view?usp=drivesdk,"Základní druhy namáhání, TAH-TLAK","SPS, MEC, CAD"
VY_32_INOVACE_16-17.pdf,https://drive.google.com/file/d/171ROA0okadxBY9_yVCVe-uFHwXKXiPe2/view?usp=drivesdk,Plechové díly I,"SPS, MEC, CAD"
VY_32_INOVACE_10-20.pdf,https://drive.google.com/file/d/1APZffL4x-AUxAEkt8bdC_0vpQ3PcvJyO/view?usp=drivesdk,Jedoduché mechanizmy,"SPS, MEC, CAD"
VY_32_INOVACE_16-16.pdf,https://drive.google.com/file/d/1RVnIIOTK066e-pVt4-d-wpc73epm3k1o/view?usp=drivesdk,Výkresová dokumentace svařovaných konstrukcí,"SPS, MEC, CAD"
VY_32_INOVACE_10-19.pdf,https://drive.google.com/file/d/1Bf9a6NGw0NuO9VfexjyxnmgLD1prTEYw/view?usp=drivesdk,Pasívní odpory,"SPS, MEC, CAD"
VY_32_INOVACE_16-15.pdf,https://drive.google.com/file/d/1Z-2roaLo5kr3_pk6XmvC-zmSjHI__sS-/view?usp=drivesdk,Svařované konstrukce deskové II,"SPS, MEC, CAD"
VY_32_INOVACE_16-14.pdf,https://drive.google.com/file/d/12whRZQ1PY-L2a4QqVylKm7QE0JlrELBz/view?usp=drivesdk,Svařované konstrukce deskové I,"SPS, MEC, CAD"
VY_32_INOVACE_10-17.pdf,https://drive.google.com/file/d/10JFoLN0eYfTCyvyn29ywKFGe6vKcrM35/view?usp=drivesdk,Prutové soustavy grafické řešení,"SPS, MEC, CAD"
VY_32_INOVACE_16-11.pdf,https://drive.google.com/file/d/1SmQj7dnrsjyUheW7ZnLBCikMvzUF70Pc/view?usp=drivesdk,Výkresová dokumentace modelů II,"SPS, MEC, CAD"
VY_32_INOVACE_10-15.pdf,https://drive.google.com/file/d/1Jtu946q9-gd_uHzLyOQQvKM_M3CczMzY/view?usp=drivesdk,Těžiště a zjištění jeho polohy,"SPS, MEC, CAD"
VY_32_INOVACE_16-10.pdf,https://drive.google.com/file/d/1yTyoQaBRlJzG4sO_EcKNim909gjI0jeF/view?usp=drivesdk,Výkresová dokumentace modelů I,"SPS, MEC, CAD"
VY_32_INOVACE_10-14.pdf,https://drive.google.com/file/d/1o4HiPgKTyJuEOPpZ36z57Pl8Yz9Dis7f/view?usp=drivesdk,Rovnováha sil,"SPS, MEC, CAD"
VY_32_INOVACE_10-13.pdf,https://drive.google.com/file/d/1v2oPbL_byOENqQfzM9pYd_IAAlCkH-VV/view?usp=drivesdk,Moment soustavy sil vzhledem k bodu,"SPS, MEC, CAD"
VY_32_INOVACE_16-09.pdf,https://drive.google.com/file/d/1Q7b0_1TO8n6D6F17_TqqqXIKnU3SYdJE/view?usp=drivesdk,Modelování sestav II,"SPS, MEC, CAD"
VY_32_INOVACE_16-08.pdf,https://drive.google.com/file/d/1ocXI7QWiQk48NkW0D8NgOAm_4PiN8y0x/view?usp=drivesdk,Modelování sestav I,"SPS, MEC, CAD"
VY_32_INOVACE_16-07.pdf,https://drive.google.com/file/d/1mDl4RKP6qvodzANzqC8C-6FAnyGIoF5A/view?usp=drivesdk,Referenční geometrie,"SPS, MEC, CAD"
VY_32_INOVACE_10-11.pdf,https://drive.google.com/file/d/1dIyQL5EWfEx9Hup4-56Wr63AVAmBYPkv/view?usp=drivesdk,Přeložení síly do jiného působiště,"SPS, MEC, CAD"
VY_32_INOVACE_16-06.pdf,https://drive.google.com/file/d/1KB60B3zm1F2_OcaXkl0a7cGGvUy7nEOf/view?usp=drivesdk,Pole II,"SPS, MEC, CAD"
VY_32_INOVACE_10-10.pdf,https://drive.google.com/file/d/1hzk7LoyCZlBQo4FB0yMbLWAsb7XkYH2O/view?usp=drivesdk,Silová dvojice a její moment,"SPS, MEC, CAD"
VY_32_INOVACE_16-05.pdf,https://drive.google.com/file/d/1rIGR3UDUR155AVQK8JfS00FazwV_BQkV/view?usp=drivesdk,Pole I,"SPS, MEC, CAD"
VY_32_INOVACE_10-09.pdf,https://drive.google.com/file/d/10xki6XR0mlyG-6nRrt2efGb1kQ-a8yKC/view?usp=drivesdk,Určení výslednice sil bez společného působiště,"SPS, MEC, CAD"
VY_32_INOVACE_16-04.pdf,https://drive.google.com/file/d/1_vaS7cGz9iqvOOMtrcOzl3jrD46kVc0_/view?usp=drivesdk,Základní prvky modelování II,"SPS, MEC, CAD"
VY_32_INOVACE_16-03.pdf,https://drive.google.com/file/d/1lhaiIyYGOfkW8EZda9pr3Dpu9lEKLtHW/view?usp=drivesdk,Základní prvky modelování I,"SPS, MEC, CAD"
VY_32_INOVACE_16-01.pdf,https://drive.google.com/file/d/1mf3l1XVMZCoc6So5XztWtU1wsClsc6_r/view?usp=drivesdk,Skicovací nástroje I,"SPS, MEC, CAD"
VY_32_INOVACE_10-04.pdf,https://drive.google.com/file/d/1TZiuCP-5xzONVqlSyP19nHQbR3az99rq/view?usp=drivesdk,Určení výslednice sil se společným působištěm a svírající pravý úhel,"SPS, MEC, CAD"
VY_32_INOVACE_15-20.pdf,https://drive.google.com/file/d/1dxQwwqUiJjjh84VNYSz5Lv9_NCy1wYbS/view?usp=drivesdk,Hydromotory,"SPS, MEC, CAD"
VY_32_INOVACE_10-03.pdf,https://drive.google.com/file/d/1imit6LnGLzBMeIqz63MzkirqjC6z1eFE/view?usp=drivesdk,Určení výslednice sil se společným působištěm a ve stejném směru,"SPS, MEC, CAD"
VY_32_INOVACE_15-19.pdf,https://drive.google.com/file/d/1NOunSvq8iNWIsZ5DsxYCJ7fvjPQpaYPp/view?usp=drivesdk,Hydrostatické mechanizmy,"SPS, MEC, CAD"
VY_32_INOVACE_13-15.pdf,https://drive.google.com/file/d/1FGrqY1js4XkXSQ3dNztoL9P40oGSjeEE/view?usp=drivesdk,Svarové spoje - druhy značení,"SPS, MEC, CAD"
VY_32_INOVACE_07-19.pdf,https://drive.google.com/file/d/1dCorktFZXK4tP6AkVRI9C5j3SrSxnMd-/view?usp=drivesdk,Šnekový dopravník,"SPS, MEC, CAD"
VY_32_INOVACE_15-18.pdf,https://drive.google.com/file/d/1YpwUk5hnNXW3pwzXY_LY8_M5gy9u7fl0/view?usp=drivesdk,Regulační mechanizmy,"SPS, MEC, CAD"
VY_32_INOVACE_07-18.pdf,https://drive.google.com/file/d/1BEfJj1miIeCfIn1cIrHuoU-J8qBaHmkP/view?usp=drivesdk,Elevátory,"SPS, MEC, CAD"
VY_32_INOVACE_09-20.pdf,https://drive.google.com/file/d/1qQx07-DJMC6gHK4WlaELDjJ64QhtuQHf/view?usp=drivesdk,Tryskové motory,"SPS, MEC, CAD"
VY_32_INOVACE_10-01.pdf,https://drive.google.com/file/d/12AhEywTJapnUjWVJ2FFj_3XZWWlEut6O/view?usp=drivesdk,"Používané veličiny, jednotky SI, převod jednotek.","SPS, MEC, CAD"
VY_32_INOVACE_13-14.pdf,https://drive.google.com/file/d/1KGo2DCrJ_2zPpQnDjGQ3vBRXnGt1hJ-4/view?usp=drivesdk,Polygonické a tlakové spoje,"SPS, MEC, CAD"
VY_32_INOVACE_09-19.pdf,https://drive.google.com/file/d/1gPstSJZJTy1LxXIaTj9TTYonHU2i6y1G/view?usp=drivesdk,Plynové turbíny,"SPS, MEC, CAD"
VY_32_INOVACE_09-18.pdf,https://drive.google.com/file/d/1NRPIJ9wG1fvw0UoIODiwNlNsPaC3gbPh/view?usp=drivesdk,Regulace PT,"SPS, MEC, CAD"
VY_32_INOVACE_15-15.pdf,https://drive.google.com/file/d/1bTFoW5Jyi04t2qnlaXu08uKJq71DQ_7o/view?usp=drivesdk,Kulisové mechanizmy,"SPS, MEC, CAD"
VY_32_INOVACE_15-14.pdf,https://drive.google.com/file/d/1DL7X-xxly3cHZnw3V09VgYfFYjquph2q/view?usp=drivesdk,Síly v klikovém mechanizmu,"SPS, MEC, CAD"
VY_32_INOVACE_15-13.pdf,https://drive.google.com/file/d/1R_6E4lRTPzcFC9MfLoIbGSC9L9oHT1cQ/view?usp=drivesdk,Klikové mechanizmy,"SPS, MEC, CAD"
VY_32_INOVACE_09-17.pdf,https://drive.google.com/file/d/1jcrTms2-fd8bCiFxHjwbI6Ok031V-5PG/view?usp=drivesdk,Kondenzační PT - elektrárna,"SPS, MEC, CAD"
VY_32_INOVACE_15-12.pdf,https://drive.google.com/file/d/1sDemNNuu_YJx7IT7u6ITu1B3nlYUuXOl/view?usp=drivesdk,Šroubové mechanizmy,"SPS, MEC, CAD"
VY_32_INOVACE_09-15.pdf,https://drive.google.com/file/d/14uCOx1ldR-JogjeBCAScG1-pmCMg5Myj/view?usp=drivesdk,"Rovnotlaká parní turbína, p + c","SPS, MEC, CAD"
VY_32_INOVACE_09-14.pdf,https://drive.google.com/file/d/1eKvckHbsXFrn0M1CYZmjQn4REPndapS3/view?usp=drivesdk,Parní turbíny,"SPS, MEC, CAD"
VY_32_INOVACE_09-13.pdf,https://drive.google.com/file/d/1Bm1PJgysTXVIQ3GkwAlP1Weg5WplFgV2/view?usp=drivesdk,Regulace Francisovy turbíny,"SPS, MEC, CAD"
VY_32_INOVACE_15-09.pdf,https://drive.google.com/file/d/1Kgbaaw5zovMUkKqCgsnLyQrCJ5J4vtd-/view?usp=drivesdk,Řemenové převody,"SPS, MEC, CAD"
VY_32_INOVACE_13-08-01.pdf,https://drive.google.com/file/d/1hySA8_nq-0X62Zr1cpI9XBzluzAoVbzM/view?usp=drivesdk,,"SPS, MEC, CAD"
VY_32_INOVACE_07-11.pdf,https://drive.google.com/file/d/1c7mo25S4dnwzjSJLZu-c7fDsm9tQiXm6/view?usp=drivesdk,Schéma a hlavní části výtahů,"SPS, MEC, CAD"
VY_32_INOVACE_07-10.pdf,https://drive.google.com/file/d/1lllib-zP0zIONyxi5PINsHbZMQRuPOZf/view?usp=drivesdk,"Výtahy - účel, rozdělení","SPS, MEC, CAD"
VY_32_INOVACE_09-12.pdf,https://drive.google.com/file/d/1e7xE06bFtdYhKs9mNsiK9bl3MSo1cmxp/view?usp=drivesdk,Regulace Kaplanovy turbíny,"SPS, MEC, CAD"
VY_32_INOVACE_15-07.pdf,https://drive.google.com/file/d/1XrQzEax_VK7h3ziTyQ3AJ4h_Sg0U48PJ/view?usp=drivesdk,Planetové převody,"SPS, MEC, CAD"
VY_32_INOVACE_09-11.pdf,https://drive.google.com/file/d/1Uc-evxhfVlOI-xTKWGJhCU_l1y2qOE46/view?usp=drivesdk,Regulace Peltonovy turbíny,"SPS, MEC, CAD"
VY_32_INOVACE_09-10.pdf,https://drive.google.com/file/d/1HJIvUvfasUkheg45BBmdpDtCjTsHXmSF/view?usp=drivesdk,Vodní turbíny - rozdělení,"SPS, MEC, CAD"
VY_32_INOVACE_15-05.pdf,https://drive.google.com/file/d/1TnCZBoJpvWgOi73-h0EnbbCDVaa_6m1t/view?usp=drivesdk,Kuželová soukolí,"SPS, MEC, CAD"
VY_32_INOVACE_09-09.pdf,https://drive.google.com/file/d/1oQBfgNGGJeOP0pEe15F4uwNunA3J7JmN/view?usp=drivesdk,Vodní díla,"SPS, MEC, CAD"
VY_32_INOVACE_09-08.pdf,https://drive.google.com/file/d/1KYCS5Jkg51_UVvQDgl6-G5SkRr6LU3Dx/view?usp=drivesdk,Vodní turbíny,"SPS, MEC, CAD"
VY_32_INOVACE_13-06.pdf,https://drive.google.com/file/d/18VKWlUDBo4nOkUBZu-PZvN6oa9-JdGq-/view?usp=drivesdk,"Silové poměry na šroubu, utahovací moment","SPS, MEC, CAD"
VY_32_INOVACE_09-06.pdf,https://drive.google.com/file/d/18CkAzeTMNErsRGcTBhb806-1wE9Q3B6s/view?usp=drivesdk,Radiální turbokompresor,"SPS, MEC, CAD"
VY_32_INOVACE_15-01.pdf,https://drive.google.com/file/d/1kQ6HzwrfrY1TrK69yRu76S-tkXBKPtMB/view?usp=drivesdk,"Převod ozubenými koly - princip, rozdělení","SPS, MEC, CAD"
VY_32_INOVACE_09-04.pdf,https://drive.google.com/file/d/11nYbUBPYsQBMezKdtYTLQVk8v_qAT7DV/view?usp=drivesdk,Axiální čerpadlo,"SPS, MEC, CAD"
VY_32_INOVACE_09-05.pdf,https://drive.google.com/file/d/166oaVvqMWZ_SygUiw-8SYim1p_LkuJm0/view?usp=drivesdk,"Turbodmychadla, turbokompresory","SPS, MEC, CAD"
VY_32_INOVACE_14-20.pdf,https://drive.google.com/file/d/1thJanChB5KLO0fVtHzUO0kS_TvthL8M3/view?usp=drivesdk,Konstrukční celky,"SPS, MEC, CAD"
VY_32_INOVACE_13-04-01.pdf,https://drive.google.com/file/d/1bq5ggNCGuSvyIgrE_JttooUY3OKgnugv/view?usp=drivesdk,,"SPS, MEC, CAD"
VY_32_INOVACE_14-19.pdf,https://drive.google.com/file/d/1Fp6IxdhHjSTlc37Ml4dyGoLott0Vt2Uu/view?usp=drivesdk,Hydrodynamická brzda,"SPS, MEC, CAD"
VY_32_INOVACE_09-02.pdf,https://drive.google.com/file/d/1PXrgt9huhcejXOLC-X_fCXTqXCdogHpP/view?usp=drivesdk,Radiální čerpadlo - přeměna energie,"SPS, MEC, CAD"
VY_32_INOVACE_14-18.pdf,https://drive.google.com/file/d/1vd_b1GPQnv3el3VPpLqFXV2_7YXs3SOt/view?usp=drivesdk,Hydrodynamická spojka,"SPS, MEC, CAD"
VY_32_INOVACE_09-01.pdf,https://drive.google.com/file/d/1plqvhc_iMAKZAheheCjUeoSyoOfGYXZk/view?usp=drivesdk,"Lopatkové stroje - princip, rozdělení","SPS, MEC, CAD"
VY_32_INOVACE_14-17.pdf,https://drive.google.com/file/d/1VhVgd5u12P4jLlm8Trix4bfycbkLi0Kl/view?usp=drivesdk,"Lamelová brzda, systém Girling","SPS, MEC, CAD"
VY_32_INOVACE_07-02.pdf,https://drive.google.com/file/d/1aOHp_d61hjiw8BxLYxFcPY-3kqMJuTTk/view?usp=drivesdk,Mostový jeřáb,"SPS, MEC, CAD"
VY_32_INOVACE_14-16.pdf,https://drive.google.com/file/d/1dQf0ViD_y9pm48j08XSyOs2e7akuWrET/view?usp=drivesdk,Kotoučové brzdy,"SPS, MEC, CAD"
VY_32_INOVACE_14-15.pdf,https://drive.google.com/file/d/1QRDlLRB9SzLZ78yhAsWrE2I0fx0kloaX/view?usp=drivesdk,Pásové brzdy,"SPS, MEC, CAD"
VY_32_INOVACE_08-19.pdf,https://drive.google.com/file/d/1sNh09d5YeOOUSrhxukbUfWdg9trk4Mhc/view?usp=drivesdk,Palivová soustava vznětových motorů,"SPS, MEC, CAD"
VY_32_INOVACE_14-14.pdf,https://drive.google.com/file/d/1djF7HVAp0qjHtxrfEws-3fekZ7BiiNN6/view?usp=drivesdk,Čelisťové brzdy,"SPS, MEC, CAD"
VY_32_INOVACE_08-18.pdf,https://drive.google.com/file/d/1n3GBV7kVAnTwGCWYdTuoYa0C4mNaCdZG/view?usp=drivesdk,Přeplňování spalovacích motorů,"SPS, MEC, CAD"
VY_32_INOVACE_08-17.pdf,https://drive.google.com/file/d/17ljNrKKKgpGiKMR1pzzl8D7IrJeu3jWB/view?usp=drivesdk,Nepřímé vstřikování paliva,"SPS, MEC, CAD"
VY_32_INOVACE_14-13.pdf,https://drive.google.com/file/d/1e7CCMpehERkWokOLjiv2gRxch10zM1YU/view?usp=drivesdk,Pojistné spojky,"SPS, MEC, CAD"
VY_32_INOVACE_02-10.pdf,https://drive.google.com/file/d/11U0L7mJKh7M91O2qYCRrobzniCrxbszr/view?usp=drivesdk,Eukleidovy věty,MAT
VY_32_INOVACE_14-12.pdf,https://drive.google.com/file/d/1UIWgcXUZyrz1xQTemAoDrezRPT4Q2yAJ/view?usp=drivesdk,Rozběhové a volnoběžné spojky,"SPS, MEC, CAD"
VY_32_INOVACE_08-15.pdf,https://drive.google.com/file/d/1nTExUTHjUza1bkoPJAFOCkBfBdQHhe6f/view?usp=drivesdk,Čtyřdobý vznětový motor,"SPS, MEC, CAD"
VY_32_INOVACE_08-14.pdf,https://drive.google.com/file/d/13lwLY2VsF1Fg0zIRDHjnjw1wybo8XrZg/view?usp=drivesdk,Ventilové rozvody spalovacích motorů,"SPS, MEC, CAD"
VY_32_INOVACE_14-10.pdf,https://drive.google.com/file/d/180pc5dc7mldvKYcB3S4qW9EKMWUX4Dt-/view?usp=drivesdk,Vyrovnávací spojky,"SPS, MEC, CAD"
VY_32_INOVACE_14-09.pdf,https://drive.google.com/file/d/1ZvqW4cpUwAuE3aV6olwCB5zQ1jipJFP0/view?usp=drivesdk,Pružné spojky,"SPS, MEC, CAD"
VY_32_INOVACE_08-13.pdf,https://drive.google.com/file/d/1gnw9Ey6_Bryk6yt8hFz18J0Ltd2q9FlC/view?usp=drivesdk,"Příprava směsi, karburátor","SPS, MEC, CAD"
VY_32_INOVACE_08-12.pdf,https://drive.google.com/file/d/1O9AcmH_RWo3-hnIVQjnkNPCPngqqeClG/view?usp=drivesdk,Kanálové rozvody,"SPS, MEC, CAD"
VY_32_INOVACE_14-08.pdf,https://drive.google.com/file/d/1HNWNjaFvl28gVTixziTREDjai24eLXU_/view?usp=drivesdk,Pevné spojky,"SPS, MEC, CAD"
VY_32_INOVACE_03-17.pdf,https://drive.google.com/file/d/12kYTYEuLMpnj7_6MxrP7KKSQ8qH8t7VP/view?usp=drivesdk,Prezentace statistických dat,MAT
VY_32_INOVACE_02-06.pdf,https://drive.google.com/file/d/13eZhIzOSPBIVVlMAkKJB97MjaCE-a5IM/view?usp=drivesdk,Otočení,MAT
VY_32_INOVACE_14-07.pdf,https://drive.google.com/file/d/1KVIf-GLZJq1dntkchOdJevI_lVH_JZxa/view?usp=drivesdk,Hřídelové spojky - základní pojmy,"SPS, MEC, CAD"
VY_32_INOVACE_08-10.pdf,https://drive.google.com/file/d/1g4lwEyV2QEaURYIfqj2nHiU8CWi-VRBa/view?usp=drivesdk,Čtyřdobý zážehový motor,"SPS, MEC, CAD"
VY_32_INOVACE_08-11.pdf,https://drive.google.com/file/d/1FjuJtAukRj9QFuTO3j4iXsSoIO_k8BjO/view?usp=drivesdk,Dvoudobý zážehový motor,"SPS, MEC, CAD"
VY_32_INOVACE_03-15.pdf,https://drive.google.com/file/d/1b5BOIKsf8uHDSSwNOZVXQd-oMsP_BS_2/view?usp=drivesdk,Etapy statistických prací,MAT
VY_32_INOVACE_08-09.pdf,https://drive.google.com/file/d/1fc0PFo6TJtDYb7n7XsZtRhWcdwkRx28B/view?usp=drivesdk,Spalovací motory,"SPS, MEC, CAD"
VY_32_INOVACE_14-06.pdf,https://drive.google.com/file/d/1xyjboBASB_uoIHfgBpFQf9J3fgiFdhxb/view?usp=drivesdk,Hybný hřídel,"SPS, MEC, CAD"
VY_32_INOVACE_14-05.pdf,https://drive.google.com/file/d/1xVWQ6MK2BJZE9_bkDv9phTApsWiwttkD/view?usp=drivesdk,Nosný hřídel,"SPS, MEC, CAD"
VY_32_INOVACE_14-04.pdf,https://drive.google.com/file/d/1SKceAPOCV6Bgt2B79JGjjwG7D2QNHWB_/view?usp=drivesdk,Těsnění otáčejících se součástí,"SPS, MEC, CAD"
VY_32_INOVACE_08-08.pdf,https://drive.google.com/file/d/1g5bys1mMFHerD2uHvF0c64CKcADv8tM0/view?usp=drivesdk,Vícestupňová komprese,"SPS, MEC, CAD"
VY_32_INOVACE_14-03.pdf,https://drive.google.com/file/d/1G2YM4efo3swNsDTGVtN78F9g3V6UJbtf/view?usp=drivesdk,Valivá ložiska,"SPS, MEC, CAD"
VY_32_INOVACE_08-07.pdf,https://drive.google.com/file/d/1cZu0fYf3ikIw5anwGN5LEpG136GI3z3D/view?usp=drivesdk,"Pracovní oběh, p-V","SPS, MEC, CAD"
VY_32_INOVACE_14-02.pdf,https://drive.google.com/file/d/1WPazVAJL1GBfnxLFZ4hjzkOOABe46KpN/view?usp=drivesdk,"Druhy tření, mazání ložisek","SPS, MEC, CAD"
VY_32_INOVACE_08-05.pdf,https://drive.google.com/file/d/1AZbllZPKEUuKTk0ug9Om-0zM_bQXW1Wa/view?usp=drivesdk,Zdvižné čerpadlo,"SPS, MEC, CAD"
VY_32_INOVACE_08-06.pdf,https://drive.google.com/file/d/1ppn9dh-eHIH2wP7plbv0xm5-lE7Xbbdo/view?usp=drivesdk,"Pístové kompresory - účel, rozdělení","SPS, MEC, CAD"
VY_32_INOVACE_14-01.pdf,https://drive.google.com/file/d/1bOxTZOJIUwSKyE7KPoGPNtGtzMzwv0NS/view?usp=drivesdk,Kluzná ložiska,"SPS, MEC, CAD"
VY_32_INOVACE_08-04.pdf,https://drive.google.com/file/d/1hKH0LpMlPLsq2iN6eE4obSQoPFG2Lkpe/view?usp=drivesdk,Dvoučinné čerpadlo,"SPS, MEC, CAD"
VY_32_INOVACE_13-20.pdf,https://drive.google.com/file/d/1GbqpguVuO9xmqSJSIN0dAc-ivzIxBqKb/view?usp=drivesdk,Pružiny - výpočet,"SPS, MEC, CAD"
VY_32_INOVACE_08-03.pdf,https://drive.google.com/file/d/1o7lHB8jvwNDRtzVydxT4fSF1uPhKN0iq/view?usp=drivesdk,Jednočinné čerpadlo,"SPS, MEC, CAD"
VY_32_INOVACE_13-19.pdf,https://drive.google.com/file/d/1lfAjJI6QDi2WbljL4QUb-ZXuRfSZmorm/view?usp=drivesdk,Pružiny - základní rozdělení,"SPS, MEC, CAD"
VY_32_INOVACE_08-02.pdf,https://drive.google.com/file/d/1ej-DMNDz2Kwv2v_Pl3zNmQBVg31TSclH/view?usp=drivesdk,Základní parametry čerpadel,"SPS, MEC, CAD"
VY_32_INOVACE_08-01.pdf,https://drive.google.com/file/d/1PY3X1ORWQgqQ1iceOLiGGthyIsw1svO8/view?usp=drivesdk,"Pístová čerpadla - účel, rozdělení","SPS, MEC, CAD"
VY_32_INOVACE_13-18.pdf,https://drive.google.com/file/d/1PTonnKbr59BFLVORacrOAJgoCvDoIgbV/view?usp=drivesdk,Nýtové spoje,"SPS, MEC, CAD"
VY_32_INOVACE_13-17.pdf,https://drive.google.com/file/d/1HL81FxUTCvArZ5-oJOFB1cV9Q6iRs1LV/view?usp=drivesdk,Pájené spoje,"SPS, MEC, CAD"
VY_32_INOVACE_13-16.pdf,https://drive.google.com/file/d/128PFyj1ZCMULe2aVHxxLb7aGbyS2qRx-/view?usp=drivesdk,Svarové spoje - výpočet,"SPS, MEC, CAD"
VY_32_INOVACE_07-17.pdf,https://drive.google.com/file/d/1k68d9-NgIPUVKYcH6BRprGYK9ZyhvHkv/view?usp=drivesdk,Redlery a závěsové dopravníky,"SPS, MEC, CAD"
VY_32_INOVACE_13-12.pdf,https://drive.google.com/file/d/1nyG8VsO636kZtzxAbfXAredTMLBQnK_v/view?usp=drivesdk,Spojení hřídele s nábojem - drážkování,"SPS, MEC, CAD"
VY_32_INOVACE_07-16.pdf,https://drive.google.com/file/d/1lQViCyug3sCDpcR89PDms5emlTEn8dB-/view?usp=drivesdk,"Článkový dopravník, eskalátor","SPS, MEC, CAD"
VY_32_INOVACE_13-11.pdf,https://drive.google.com/file/d/1XCi6ub_HSMsvLsUcQmSED25vvnWttwnH/view?usp=drivesdk,Spojení hřídele s nábojem - klíny,"SPS, MEC, CAD"
VY_32_INOVACE_07-15.pdf,https://drive.google.com/file/d/1dnqYuDC-aXVYmUZ7dypGLR6P2B0G5d0P/view?usp=drivesdk,Pásový dopravník,"SPS, MEC, CAD"
VY_32_INOVACE_13-10.pdf,https://drive.google.com/file/d/1omD1wvMAEGRyDZEoGGZFFMKCDnnlI5Bw/view?usp=drivesdk,Spojení hřídele s nábojem - pera,"SPS, MEC, CAD"
VY_32_INOVACE_07-14.pdf,https://drive.google.com/file/d/1T0sxe5hA6qFtqnR80AqpoHJ8HlgBDDiK/view?usp=drivesdk,"Mechanické dopravníky - účel, rozdělení","SPS, MEC, CAD"
VY_32_INOVACE_07-13.pdf,https://drive.google.com/file/d/1juUn-0zg3_suLAt9-mbHnGlIMS1WJa-Z/view?usp=drivesdk,Výpočty výtahů,"SPS, MEC, CAD"
VY_32_INOVACE_13-09-01.pdf,https://drive.google.com/file/d/1YqTyDLIlu0Ppe1sinqPUj8jYm6XVE31b/view?usp=drivesdk,,"SPS, MEC, CAD"
VY_32_INOVACE_01-11.pdf,https://drive.google.com/file/d/1OZ1cXeoAoSc-GSHGRLvOW5n2tMs_reBd/view?usp=drivesdk,Orientovaný úhel,MAT
VY_32_INOVACE_13-09.pdf,https://drive.google.com/file/d/1mkicCDFWpJlCA_plzhBZ9d5BrYJCp12W/view?usp=drivesdk,Čepové spoje,"SPS, MEC, CAD"
VY_32_INOVACE_07-12.pdf,https://drive.google.com/file/d/1OV6Uz1rdwyFHYrhbW55FiofSkeHJH563/view?usp=drivesdk,Bezpečnostní zařízení výtahů,"SPS, MEC, CAD"
VY_32_INOVACE_01-09.pdf,https://drive.google.com/file/d/1MOQte-v7s1dz0eLCoTGdoCzZbjjgR59d/view?usp=drivesdk,Goniometrické funkce ostrého úhlu,MAT
VY_32_INOVACE_13-07.pdf,https://drive.google.com/file/d/1hxixkkCLC9VEZo_n47-nCg7ZoCzDlsJt/view?usp=drivesdk,Pevnostní výpočet šroubů,"SPS, MEC, CAD"
VY_32_INOVACE_07-08.pdf,https://drive.google.com/file/d/11VsnV17_0h0sEA-zNd4nO6c1F0jOmP9V/view?usp=drivesdk,Hydraulický zvedák,"SPS, MEC, CAD"
VY_32_INOVACE_07-09.pdf,https://drive.google.com/file/d/1YA7TJ7BDpr055lfq9sLFVxt8chTrDq2F/view?usp=drivesdk,Hřebenový zvedák,"SPS, MEC, CAD"
VY_32_INOVACE_07-06.pdf,https://drive.google.com/file/d/1TipG1FVP-BnGsZwaqBWhaUQREfYX3r9-/view?usp=drivesdk,Pohony jeřábů,"SPS, MEC, CAD"
VY_32_INOVACE_13-05-01.pdf,https://drive.google.com/file/d/1znss8ZazrEJtZvwBKj8g5AKVThoRF9qV/view?usp=drivesdk,,"SPS, MEC, CAD"
VY_32_INOVACE_07-05.pdf,https://drive.google.com/file/d/13GrhCeJtEsDIh-BrLPMqlb9mEbd7mMa3/view?usp=drivesdk,Části jeřábů,"SPS, MEC, CAD"
VY_32_INOVACE_13-05.pdf,https://drive.google.com/file/d/1xfUOpbSXnD31cTXCmxXSNQAdb7MvVb9F/view?usp=drivesdk,Pohybové šrouby,"SPS, MEC, CAD"
VY_32_INOVACE_02-14.pdf,https://drive.google.com/file/d/1N2bgpENVyDL37dBjdXznJCjS1qGZunmv/view?usp=drivesdk,Kruh a jeho části,MAT
VY_32_INOVACE_07-04.pdf,https://drive.google.com/file/d/1ZIkc36YfSm-02Lq4hq2b50f9YHBxpPGm/view?usp=drivesdk,Lana a řetězy,"SPS, MEC, CAD"
VY_32_INOVACE_13-04.pdf,https://drive.google.com/file/d/1XPRkZ1vTtLIl-jQ5ovVgaR8H6H_0cY3r/view?usp=drivesdk,Druhy a označování závitů,"SPS, MEC, CAD"
VY_32_INOVACE_07-03.pdf,https://drive.google.com/file/d/1DxTEweVVQAwNMtEKXTEEJ7NwBV-jwKhx/view?usp=drivesdk,Pojížděcí a zdvihací zařízení,"SPS, MEC, CAD"
VY_32_INOVACE_13-03-01.pdf,https://drive.google.com/file/d/1wakal-jrR0kq5MH5DTDByscGBcme6DyS/view?usp=drivesdk,,"SPS, MEC, CAD"
VY_32_INOVACE_07-01.pdf,https://drive.google.com/file/d/1q15KWSnTJ1oPW2KyOqp9k9ulpyRhIU0L/view?usp=drivesdk,"Jeřáby - účel, rozdělení","SPS, MEC, CAD"
VY_32_INOVACE_13-03.pdf,https://drive.google.com/file/d/1G0k45txlTSFCWT2PDrJiBwUAAvYU8hSb/view?usp=drivesdk,Pojišťování šroubových spojů,"SPS, MEC, CAD"
VY_32_INOVACE_13-02-01.pdf,https://drive.google.com/file/d/1tqzYTx-EsC23-IEGEYk9z-041nteSy7n/view?usp=drivesdk,,"SPS, MEC, CAD"
VY_32_INOVACE_02-09.pdf,https://drive.google.com/file/d/13O2JHJkJCxkWi0RbC9CwHaKT8vGdm-l4/view?usp=drivesdk,Podobnost trojúhelníků,MAT
VY_32_INOVACE_03-20.pdf,https://drive.google.com/file/d/14w34xeWSE95NvbNjKYNYyBK5gVA9y9-Q/view?usp=drivesdk,Charakteristiky variability,MAT
VY_32_INOVACE_03-19.pdf,https://drive.google.com/file/d/15N2xs-l8K3CFNImfIMBWs9133hyRvN0T/view?usp=drivesdk,Modus a medián,MAT
VY_32_INOVACE_02-08.pdf,https://drive.google.com/file/d/1_a-H5-UWn6iEAbdG3Xgfcl53qFaAl4IZ/view?usp=drivesdk,Shodnost trojúhelníků,MAT
VY_32_INOVACE_03-18.pdf,https://drive.google.com/file/d/1qeeAMoH3Mrw9XVUiglFwjmYxUJzWi1nH/view?usp=drivesdk,"Aritmetický, geometrický a harmonický průměr",MAT
VY_32_INOVACE_02-05.pdf,https://drive.google.com/file/d/1eDYBtksq6VbtV5abKVd_u3jJIxkVCIxJ/view?usp=drivesdk,Posunutí,MAT
VY_32_INOVACE_03-16.pdf,https://drive.google.com/file/d/1aaFIwNL16TUYxZp5VR6QF6NYp68X5nal/view?usp=drivesdk,"Třídění statistických údajů, četnost",MAT
VY_32_INOVACE_45-16.pdf,https://drive.google.com/file/d/1KPSs-1uZEQD3b7Y4pAtHYs2hlF36a1Z5/view?usp=drivesdk,Vznik přechodných jevů v elektrických obvodech,ELE
VY_32_INOVACE_45-15.pdf,https://drive.google.com/file/d/1vdJM8vzQXNZjRcUoreh799FS1H8tnKJZ/view?usp=drivesdk,Zapojení vinutí trojfázového alternátoru do trojúhelníku,ELE
VY_32_INOVACE_02-04.pdf,https://drive.google.com/file/d/15noH3-d_ByDZkzdceBZYL7JhZe92gY2O/view?usp=drivesdk,Středová souměrnost,MAT
VY_32_INOVACE_03-14.pdf,https://drive.google.com/file/d/14HGOws6UrTSv6Xbj-FkOJH2woraaY8pi/view?usp=drivesdk,Základní statistické pojmy,MAT
VY_32_INOVACE_02-03.pdf,https://drive.google.com/file/d/1qKKyT3yJpTjSL47PkkKzPRFxYBbnxefu/view?usp=drivesdk,Osová souměrnost,MAT
VY_32_INOVACE_03-13.pdf,https://drive.google.com/file/d/1ZGAM82KppUAK4KwKfD4Dc_28QRoQhd42/view?usp=drivesdk,Nezávislé jevy,MAT
VY_32_INOVACE_02-02.pdf,https://drive.google.com/file/d/12gemwtz-1fR0eQcEfXqCKR655PYBhWND/view?usp=drivesdk,Definice a vlastnosti shodného zobrazení,MAT
VY_32_INOVACE_03-12.pdf,https://drive.google.com/file/d/1a-S1RhyQ38KLpheSZGQCHZy-K6IjhqDO/view?usp=drivesdk,Pravděpodobnost sjednocení jevů,MAT
VY_32_INOVACE_02-01.pdf,https://drive.google.com/file/d/1u5X6g-EmWVJZEnRTrj2y9tB3mXpUg05M/view?usp=drivesdk,Základní geometrické pojmy,MAT
VY_32_INOVACE_03-11.pdf,https://drive.google.com/file/d/1V7ZoINcVi6-QVNM7CNPQw3onZcIuGdTZ/view?usp=drivesdk,Pravděpodobnost náhodného jevu,MAT
VY_32_INOVACE_03-10.pdf,https://drive.google.com/file/d/1bZCXIxOLYUUghJDTwpL8b92n0jo2kXkL/view?usp=drivesdk,Náhodné pokusy a jevy,MAT
VY_32_INOVACE_01-20.pdf,https://drive.google.com/file/d/1kCbN58rhN7GF3ByOisftCMpZIGJD47NQ/view?usp=drivesdk,Logaritmus,MAT
VY_32_INOVACE_03-09.pdf,https://drive.google.com/file/d/19quvNsjjLPIvqa-Q7EoAmQTrWLxI7Q4Z/view?usp=drivesdk,Binomická věta,MAT
VY_32_INOVACE_01-19.pdf,https://drive.google.com/file/d/1ZPUCC_IjpBmtvlJ3aIfa9DHuv3aVcvWN/view?usp=drivesdk,Logaritmická funkce,MAT
VY_32_INOVACE_45-11.pdf,https://drive.google.com/file/d/1d_-lBQgJx_Lix0UPjd6T85ds24fT-_QM/view?usp=drivesdk,"Výkon střídavého proudu, účiník",ELE
VY_32_INOVACE_03-08.pdf,https://drive.google.com/file/d/1a2H7FKM1ksRcZepxWXfUpmw6NExJQFSJ/view?usp=drivesdk,Vlastnosti kombinačních čísel,MAT
VY_32_INOVACE_01-18.pdf,https://drive.google.com/file/d/1dH8FTWB4nRyNOChaQPqkvwO638hvli-6/view?usp=drivesdk,Exponenciální funkce,MAT
VY_32_INOVACE_03-07.pdf,https://drive.google.com/file/d/15jhELrit6zc340IFSzZIgq7iBifHuHmd/view?usp=drivesdk,Kombinace s opakováním,MAT
VY_32_INOVACE_01-17.pdf,https://drive.google.com/file/d/1uEjJWiRUcO1kfqnWDYxu12ygQ1LfbwD0/view?usp=drivesdk,Vztahy mezi goniometrickými funkcemi,MAT
VY_32_INOVACE_03-06.pdf,https://drive.google.com/file/d/1U9cssAzYNG_XoIZ0zACtvS-vi3Vxjo64/view?usp=drivesdk,Permutace s opakováním,MAT
VY_32_INOVACE_01-16.pdf,https://drive.google.com/file/d/1NbGIdXSGgtZyCFY0p3EmesT8fNhVFoso/view?usp=drivesdk,Složená goniometrická funkce,MAT
VY_32_INOVACE_03-05.pdf,https://drive.google.com/file/d/13YX3lp6NmpNfFsJO5lGZiZ_e34RWKxrI/view?usp=drivesdk,Variace s opakováním,MAT
VY_32_INOVACE_01-15.pdf,https://drive.google.com/file/d/1fKdQsAmaw5EYtJP9mHIvAOS7D5VBG40f/view?usp=drivesdk,Hodnoty goniometrických funkcí,MAT
VY_32_INOVACE_03-04.pdf,https://drive.google.com/file/d/1GX0u8vTMmO3OCYRCAIt6DJb1-xJPZAMC/view?usp=drivesdk,Kombinace,MAT
VY_32_INOVACE_01-14.pdf,https://drive.google.com/file/d/10Y5WjV7WGO9NqPdeDlxvTXwbloYbbQEf/view?usp=drivesdk,Definice a vlastnosti funkcí tangens a kotangens,MAT
VY_32_INOVACE_03-03.pdf,https://drive.google.com/file/d/1kE-uBqAfZZIGFlxkbzSzhNaJ8CyFCV1L/view?usp=drivesdk,Permutace,MAT
VY_32_INOVACE_01-13.pdf,https://drive.google.com/file/d/1-iTHt-kXxfKRK6GIvPZiwTxlI6-AiRtG/view?usp=drivesdk,Grafy funkcí sinus a kosinus,MAT
VY_32_INOVACE_45-07.pdf,https://drive.google.com/file/d/1_xiyRSNNeqgHDzfXDoTFMhshtG6D6OxG/view?usp=drivesdk,Vzájemná indukčnost v obvodu střídavého proudu,ELE
VY_32_INOVACE_03-02.pdf,https://drive.google.com/file/d/1J7mR8RU7eYvzchPEmHLOcDsyZqDy-cXH/view?usp=drivesdk,Variace,MAT
VY_32_INOVACE_01-12.pdf,https://drive.google.com/file/d/1KLuCjPmt_dRCeBzHC-MIgRV3vG4S2YVi/view?usp=drivesdk,Definice a vlastnosti funkcí sinus a kosinus,MAT
VY_32_INOVACE_03-01.pdf,https://drive.google.com/file/d/1aeF8x3jIcraUo2ogY06hHmaHJO7_jNTW/view?usp=drivesdk,Kombinatorické pravidlo součinu a součtu,MAT
VY_32_INOVACE_42-06.pdf,https://drive.google.com/file/d/1dQZJGFFVBr_bSMLXdahUIS_ONrpQQ8nv/view?usp=drivesdk,Konstrukce krorových motorů,ELE
VY_32_INOVACE_45-05.pdf,https://drive.google.com/file/d/1luXiXaDtuftz_zE0tgpcmL98jLB5jCeA/view?usp=drivesdk,Ideální cívka v obvodu střídavého proudu,ELE
VY_32_INOVACE_01-10.pdf,https://drive.google.com/file/d/1HlAhGwfDaDvzWwXqueHcAyw3H3fNj-RV/view?usp=drivesdk,Velikost úhlu v obloukové míře,MAT
VY_32_INOVACE_02-20.pdf,https://drive.google.com/file/d/1uKDChGJxrq1Mv6JoKKY8rtSXIBmQfgdm/view?usp=drivesdk,Objemy a povrchy těles,MAT
VY_32_INOVACE_01-08.pdf,https://drive.google.com/file/d/1U5q42VCwfeiS-bUXGh1kMHq6o-KNUtT7/view?usp=drivesdk,Mocninné funkce,MAT
VY_32_INOVACE_02-18.pdf,https://drive.google.com/file/d/1liPxAwXDviNbOW4OXcx2pEqZRmr02AIn/view?usp=drivesdk,Odchylka a kolmost rovin,MAT
VY_32_INOVACE_01-07.pdf,https://drive.google.com/file/d/10mp2kV4xqdxuD0HKzUCjoYWeX3DeuUBo/view?usp=drivesdk,Kvadratická funkce a její graf,MAT
VY_32_INOVACE_02-16.pdf,https://drive.google.com/file/d/1lR_QXmAGjdrPkfQY9GFhhmU46-4m-cZh/view?usp=drivesdk,Odchylka a kolmost přímek,MAT
VY_32_INOVACE_02-15.pdf,https://drive.google.com/file/d/1uww0WbtHZJplH4Y2Ex4ldLLvfsM88yb5/view?usp=drivesdk,Polohové vlastnosti geometrických útvarů,MAT
VY_32_INOVACE_01-04.pdf,https://drive.google.com/file/d/1loDbO_qRpB4YMga2ZCco7g86Y5Fnef79/view?usp=drivesdk,Lineární funkce s absolutní hodnotou,MAT
VY_32_INOVACE_01-03.pdf,https://drive.google.com/file/d/1MyfWiHvxEGCjhuALCUvr5AaAyHPWLo2P/view?usp=drivesdk,Funkce lineární,MAT
VY_32_INOVACE_02-13.pdf,https://drive.google.com/file/d/1qZxctXaDBDaATE1w86mldYEXGM9hTvr6/view?usp=drivesdk,Obsahy a obvody n - úhelníku,MAT
VY_32_INOVACE_01-02.pdf,https://drive.google.com/file/d/1b9sf4u7QMOreynCzzmKoIGjEPFqaC57d/view?usp=drivesdk,Funkce prostá a inverzní,MAT
VY_32_INOVACE_02-12.pdf,https://drive.google.com/file/d/15Dm4hfMJDnPhiwMP0m_L1LJkXfiAn6LV/view?usp=drivesdk,Obsahy a obvody čtyřúhelníku,MAT
VY_32_INOVACE_01-01.pdf,https://drive.google.com/file/d/11oV4EEdTgpHJRkZEh2RvQkGMrQbwV3dE/view?usp=drivesdk,Funkce a její vlastnosti,MAT
VY_32_INOVACE_02-11.pdf,https://drive.google.com/file/d/1Cz0vG_KHdtZLr0gdWvEEytJ_PDoZTXDS/view?usp=drivesdk,Obsahy o obvody trojúhelníku,MAT
VY_32_INOVACE_45-20.pdf,https://drive.google.com/file/d/1FDuyslyCd-CYXNy3iVxfLpZqATDrjVse/view?usp=drivesdk,Domovní rozvody - praktické zapojování,ELE
VY_32_INOVACE_41-18.pdf,https://drive.google.com/file/d/1MfpXMZA00TBKSwG19oHiLHJP9THgK9z4/view?usp=drivesdk,Měření a řízení pomocí PLC,ELE
VY_32_INOVACE_45-19.pdf,https://drive.google.com/file/d/1ulHjK4g8bNRB2JoHnJfJv9yfbN5U2-lf/view?usp=drivesdk,Měření vypínací charakteristiky jističe,ELE
VY_32_INOVACE_42-19.pdf,https://drive.google.com/file/d/1tRsoRZsr1ByhJdrviQe2VjctbHgKIypj/view?usp=drivesdk,Porovnání výhod a nevýhod,ELE
VY_32_INOVACE_42-18.pdf,https://drive.google.com/file/d/1jD-rw84rV9OM5troeW6ZFrPfXRURInEg/view?usp=drivesdk,Elektrický generátor střídavý,ELE
VY_32_INOVACE_45-17.pdf,https://drive.google.com/file/d/1QZtAU54UjguK8b34EI63zaU6wiilfh7G/view?usp=drivesdk,Vliv indukčnosti na přechodný jev,ELE
VY_32_INOVACE_42-17.pdf,https://drive.google.com/file/d/1pYfrvfGyOX--tTbTTPaKSmlERW5NvD4R/view?usp=drivesdk,Elektrický generátor stejnosměrný,ELE
VY_32_INOVACE_42-16.pdf,https://drive.google.com/file/d/1HKkn4WRDuLoWzbO13zkR4tNwRjbnWdQg/view?usp=drivesdk,Princip elektrického generátoru,ELE
VY_32_INOVACE_42-15.pdf,https://drive.google.com/file/d/1QkKbfJIDV5vYF8sxZqmZ55tpN9qeQwBA/view?usp=drivesdk,Reluktanční elektromotor,ELE
VY_32_INOVACE_45-14.pdf,https://drive.google.com/file/d/1Rvfww_JVKKlT1lHqXPBR2hru7Smw-3ti/view?usp=drivesdk,Zapojení vinutí trojfázového alternátoru do hvězdy,ELE
VY_32_INOVACE_42-14.pdf,https://drive.google.com/file/d/1hDRfrUbVbL7kBR-DpESu6Xb6Qsp5k_3E/view?usp=drivesdk,Lineární elektromotor,ELE
VY_32_INOVACE_45-13.pdf,https://drive.google.com/file/d/1Agv4QDFk2WAS_krThsVnZUV439rJCVp0/view?usp=drivesdk,Měření na trojfázové soustavě,ELE
VY_32_INOVACE_42-13.pdf,https://drive.google.com/file/d/1UNye-EeuDymp_zy9R7-zLvmZpbyqJ2JF/view?usp=drivesdk,Řízení s duplicitním řízením,ELE
VY_32_INOVACE_41-12.pdf,https://drive.google.com/file/d/1_V95KX3pYTWjrCvdSDc1VBeJrf16KmAv/view?usp=drivesdk,Motorový spouštěč,ELE
VY_32_INOVACE_44-11.pdf,https://drive.google.com/file/d/1drsChyKSM7UNRP6UB3oRndQhnEmiMlaw/view?usp=drivesdk,Měření na transformátoru,ELE
VY_32_INOVACE_42-12.pdf,https://drive.google.com/file/d/1R5Vuj9yrxFi87Ne_vrp8wtrqnWeHN71e/view?usp=drivesdk,Řízení s jednoduchým buzením,ELE
VY_32_INOVACE_42-11.pdf,https://drive.google.com/file/d/1tUI39h8PMyeZzUeHLyk_sKb5vVzyrQt6/view?usp=drivesdk,Speciální motory,ELE
VY_32_INOVACE_45-10.pdf,https://drive.google.com/file/d/12TrPFLMU-pV1kbn4hqDwjo1FT9i3mrIK/view?usp=drivesdk,Elektronický oscilátor,ELE
VY_32_INOVACE_42-10.pdf,https://drive.google.com/file/d/1I2AWyjoXcGH4ipSY0hDWaTwvunUZLKkj/view?usp=drivesdk,Motory s piezoelektrickým pohonem,ELE
VY_32_INOVACE_44-09.pdf,https://drive.google.com/file/d/11RENQeZg9K9RTavuNP7s01o_lR4ueY5S/view?usp=drivesdk,Magnetizační charakteristiky feromagnetických látek,ELE
VY_32_INOVACE_45-09.pdf,https://drive.google.com/file/d/1kuw4YCMJZs4siRN1QkzfytC1qWlGk6EY/view?usp=drivesdk,Měření na rezonančních obvodech,ELE
VY_32_INOVACE_44-08.pdf,https://drive.google.com/file/d/1zrml26KipTIq9sgxTLFp7CCZH7Gyf1_j/view?usp=drivesdk,Magnetické vlastnosti látek,ELE
VY_32_INOVACE_45-08.pdf,https://drive.google.com/file/d/11qJUl3qLUzzdFUB5RRKngpOoxz_OVe5k/view?usp=drivesdk,Rezonanční obvod,ELE
VY_32_INOVACE_42-08.pdf,https://drive.google.com/file/d/1OyYzwU84iDys8q8PbX59bQjvwNmf2TLa/view?usp=drivesdk,Funkce krokového motoru v průmyslové robotu,ELE
VY_32_INOVACE_42-07.pdf,https://drive.google.com/file/d/1M1cTOoh03GYUPWsPl3VIxXYeIgQj3lRm/view?usp=drivesdk,Nasazení krokových motorů,ELE
VY_32_INOVACE_44-07.pdf,https://drive.google.com/file/d/1RaMStlfrPLCmgU4a0R9FzqqUdZmZFzK_/view?usp=drivesdk,Hopkinsonův zákon,ELE
VY_32_INOVACE_45-06.pdf,https://drive.google.com/file/d/1a_U5b0o_PPpL2TmZVRVafYJuuXGtmqwp/view?usp=drivesdk,Ideální kondenzátor v obvodu střídavého produ,ELE
VY_32_INOVACE_42-05.pdf,https://drive.google.com/file/d/1jG2D6jBlDbFC-0UM_EI0fxGckUDNW4Kg/view?usp=drivesdk,Krokový motor s odvalujícím se rotorem,ELE
VY_32_INOVACE_45-04.pdf,https://drive.google.com/file/d/1DcfhRf3eOdKUfKRBdUinGCgkAz9fw6Qv/view?usp=drivesdk,Ideální rezistor v obvodu střídavého proudu,ELE
VY_32_INOVACE_42-04.pdf,https://drive.google.com/file/d/1Us4Bh53geI2Kkbg7L8hDGQsW6DX-4_Gg/view?usp=drivesdk,Krokový motor s aktivním rotorem,ELE
VY_32_INOVACE_45-03.pdf,https://drive.google.com/file/d/1APik5H1OQXouPaB5P15QPQ_y7uOQKnzX/view?usp=drivesdk,Vznik střídavého sínusového napětí,ELE
VY_32_INOVACE_42-03.pdf,https://drive.google.com/file/d/1ghYe895KcGAV--zTs0BLDBjsml-Xse4C/view?usp=drivesdk,Krokový motor s pasivním rotorem,ELE
VY_32_INOVACE_42-02.pdf,https://drive.google.com/file/d/1TqvDwz0V1m3mS73ngK5df5TBQRREX1Z0/view?usp=drivesdk,Elektronický ovladač,ELE
VY_32_INOVACE_45-01.pdf,https://drive.google.com/file/d/1pfaBLo55_AlDA4SQM1BhKIDcE5agO8Rw/view?usp=drivesdk,"Základní pojmy, časový průběh sin. Veličin, střední a efektivní hodnota",ELE
VY_32_INOVACE_42-01.pdf,https://drive.google.com/file/d/1H2pZFfqFDjpewmrJM00EAbZVa_BBNxU4/view?usp=drivesdk,Princip krokových motorů,ELE
VY_32_INOVACE_41-20.pdf,https://drive.google.com/file/d/13qd6y3nIFDUNksc6Jrd0dNp8qzuJaFe_/view?usp=drivesdk,Přednosti třífázových motorů,ELE
VY_32_INOVACE_44-19.pdf,https://drive.google.com/file/d/1NDIcdExF6doz-YDKEa3L1jkWFCdgZ18H/view?usp=drivesdk,Energie magnetického pole,ELE
VY_32_INOVACE_41-19.pdf,https://drive.google.com/file/d/109KzGR28SwK5MmJnvIAlqNYIKavR2cw9/view?usp=drivesdk,Parametry třífázových servomotorů,ELE
VY_32_INOVACE_44-18.pdf,https://drive.google.com/file/d/1ENhtfUTUNXEuVcXcVWUYpVSbDw99AjR8/view?usp=drivesdk,Činitel vazby,ELE
VY_32_INOVACE_44-17.pdf,https://drive.google.com/file/d/1M8nGxSbcBFZEZhKMl2_QG4gtPfuvqOlG/view?usp=drivesdk,Vzájemná indukčnost,ELE
VY_32_INOVACE_41-17.pdf,https://drive.google.com/file/d/1Htqrn3YI0F4lub77Fb_slxWMcL6L9PAz/view?usp=drivesdk,Praktická nasazení,ELE
VY_32_INOVACE_43-19.pdf,https://drive.google.com/file/d/12j2Gkp2M3TPJ06Nhpjgc59oLOoXXPVP3/view?usp=drivesdk,"Kondenzátory, spojování kondenzátorů",ELE
VY_32_INOVACE_40-20.pdf,https://drive.google.com/file/d/1doHRPwTI1IFuIyANdyYf-1VTuzmpmOnP/view?usp=drivesdk,Princip elektromotoru,ELE
VY_32_INOVACE_44-16.pdf,https://drive.google.com/file/d/1XQuIEau_-VKqCMVWFwYylBt7brNTuBpm/view?usp=drivesdk,Vlastní indukčnost,ELE
VY_32_INOVACE_41-16.pdf,https://drive.google.com/file/d/1sWyQT8ch2K7DvorLvPgYWBb4eZCfnH-y/view?usp=drivesdk,Napájení a řízení skupiny pohonů stroje,ELE
VY_32_INOVACE_44-15.pdf,https://drive.google.com/file/d/15ywaQwwgyzH6bl0jPT1JkWkbZMSlStO5/view?usp=drivesdk,Indukční zákon,ELE
VY_32_INOVACE_41-15.pdf,https://drive.google.com/file/d/1wrrWpEDBJryrl0UKi_UXuQt5oKicIpSo/view?usp=drivesdk,Elektronická komutace,ELE
VY_32_INOVACE_40-18.pdf,https://drive.google.com/file/d/1AD5pCBZ8w4CbR7urZQa0FzICMSH0SLUx/view?usp=drivesdk,Obecné vlastnosti,ELE
VY_32_INOVACE_44-14.pdf,https://drive.google.com/file/d/1TrdUUdDczGqrlWOxbQfwHSFzOrofLQM5/view?usp=drivesdk,Magnetické pole solenoidu - válcové cívky,ELE
VY_32_INOVACE_41-14.pdf,https://drive.google.com/file/d/1e_zoUpasgG-caTG3EgEJQURltlc_UZ3W/view?usp=drivesdk,Třírychlostní motor s přepínatelnými póly,ELE
VY_32_INOVACE_44-13.pdf,https://drive.google.com/file/d/1DKgqQvyKrPcQShFfitos6pZVpgEMyxGM/view?usp=drivesdk,Magnetické pole kruhového vodiče,ELE
VY_32_INOVACE_41-13.pdf,https://drive.google.com/file/d/1zLTf6BU2LLEfWnsupTEUmsAAdh4bq3YF/view?usp=drivesdk,Reverzace otáček,ELE
VY_32_INOVACE_40-16.pdf,https://drive.google.com/file/d/18HS17fDf3zQtaKy6Yu_NNVN2f2asut9s/view?usp=drivesdk,Praktické nasazení,ELE
VY_32_INOVACE_41-11.pdf,https://drive.google.com/file/d/1MPSbQhCt7ayxd5RXS-T6_3svaf-zb7Qq/view?usp=drivesdk,Řízení rozběhu,ELE
VY_32_INOVACE_41-10.pdf,https://drive.google.com/file/d/1ZXwgrJlazUM7XYBVs5eNGe7uqvIArwI0/view?usp=drivesdk,Momentová a proudová charakteristika,ELE
VY_32_INOVACE_41-09.pdf,https://drive.google.com/file/d/1gw4sluJhXjbefiJkSb1xfNQCrypx2y5O/view?usp=drivesdk,Vytvoření točivého magnetického pole,ELE
VY_32_INOVACE_40-14.pdf,https://drive.google.com/file/d/16TgDrkS4AUSkr8A8FS-DLAqa8VAPJgwG/view?usp=drivesdk,Řízení stejnosměrných motorů,ELE
VY_32_INOVACE_41-08.pdf,https://drive.google.com/file/d/1qVmxaelHsb5fwwEOzRLnhDEOOwJab3Ev/view?usp=drivesdk,Motor s kroužkovou kotvou,ELE
VY_32_INOVACE_41-07.pdf,https://drive.google.com/file/d/1amjHLhiU3AiFsQS2OBCNEleoZV-6VmKj/view?usp=drivesdk,Motor s kotvou nakrátko,ELE
VY_32_INOVACE_43-12.pdf,https://drive.google.com/file/d/1pLToCtyYpqXXsVDCW9kCJyAN7KOF45iv/view?usp=drivesdk,Práce a výkon el. proudu,ELE
VY_32_INOVACE_44-06.pdf,https://drive.google.com/file/d/1FBfmX3oX9rZLhUvRrXxZekumm0Ah_Fgg/view?usp=drivesdk,Vlastnosti magnetického pole,ELE
VY_32_INOVACE_41-06.pdf,https://drive.google.com/file/d/1gl29aJCx4O4B4N5hG9OopGcLvqSkhso3/view?usp=drivesdk,Asynchronní trojfázový motor,ELE
VY_32_INOVACE_44-05.pdf,https://drive.google.com/file/d/1AwjV1RmOt0MNkcG0pmS7WPFfOXATVyMC/view?usp=drivesdk,Magnetická indukce,ELE
VY_32_INOVACE_41-05.pdf,https://drive.google.com/file/d/1XXfw6V0H4ovkuOS1Q538Oizb_kyfHHP5/view?usp=drivesdk,Princip elektromotoru,ELE
VY_32_INOVACE_44-04.pdf,https://drive.google.com/file/d/1VXfDm4kqkYypiOZMdNTHLJQ5aMOpaGxB/view?usp=drivesdk,Magnetický tok,ELE
VY_32_INOVACE_40-10.pdf,https://drive.google.com/file/d/1AA1Rq3uE4IVRJsadcmvL5fGSoQo8Pr-_/view?usp=drivesdk,Reveruace otáček,ELE
VY_32_INOVACE_41-04.pdf,https://drive.google.com/file/d/1pK_FUaW79TUjFJiXOCuwEx_N6mKUOqJ-/view?usp=drivesdk,Konstrukce,ELE
VY_32_INOVACE_44-03.pdf,https://drive.google.com/file/d/16sB-HNAHi86zt9Y7b4oOPN1_vchsxTM9/view?usp=drivesdk,Intenzita magnetického pole,ELE
VY_32_INOVACE_41-03.pdf,https://drive.google.com/file/d/1AwRwJQMygZ324Tolav6HMZi5yrlwQDc1/view?usp=drivesdk,Obecné vlastnosti,ELE
VY_32_INOVACE_44-02.pdf,https://drive.google.com/file/d/1GwbD5MRFGlStJmxlOXH9XqMrFO0nOE0s/view?usp=drivesdk,Magnetické napětí,ELE
VY_32_INOVACE_41-02.pdf,https://drive.google.com/file/d/1dEJWi5IXG5Kw7gP2MPljBBEyC4GSOUT8/view?usp=drivesdk,Rozdělení střídavých elektrických motorů,ELE
VY_32_INOVACE_44-01.pdf,https://drive.google.com/file/d/1I_rSHB4Fd7Rizr_4DG1nPOY_xiB2enwF/view?usp=drivesdk,Vznik magnetického pole a jeho zobrazení,ELE
VY_32_INOVACE_40-08.pdf,https://drive.google.com/file/d/1eEQForyQj0wFS7e-LqccWgKW27s7GZPA/view?usp=drivesdk,Indukční motor,ELE
VY_32_INOVACE_43-20.pdf,https://drive.google.com/file/d/1SnAjbJ-t7lSfiSuD2PDHxr1IPbrh77Yi/view?usp=drivesdk,Měření kapacity kondenzátorů VA metodou,ELE
VY_32_INOVACE_40-19.pdf,https://drive.google.com/file/d/1NjAP8JjJEHzQNgfYpx4TbMCJ3BBITAFX/view?usp=drivesdk,Konstrukce,ELE
VY_32_INOVACE_40-06.pdf,https://drive.google.com/file/d/1M-FYFtCrBGI3Oc2viDAKuxkLc9rcPN0F/view?usp=drivesdk,S cizím buzením,ELE
VY_32_INOVACE_43-18.pdf,https://drive.google.com/file/d/1BCNAT6YnzJ8cLTCfS0Ey9WZojGdY6eEo/view?usp=drivesdk,Měření na usměrňovačích,ELE
VY_32_INOVACE_43-17.pdf,https://drive.google.com/file/d/1bQPeuTUf2E_Ic0yppNk6-f2zS4G1jeuo/view?usp=drivesdk,Princip usměrňovací diody,ELE
VY_32_INOVACE_40-17.pdf,https://drive.google.com/file/d/1ah5dfoYJS5Qk0032-OBz-QDuIanJwG0F/view?usp=drivesdk,Porovnání,ELE
VY_32_INOVACE_43-16.pdf,https://drive.google.com/file/d/1SkKaFJpLl0YW1pZI4Xk6AVcb8XHtH25p/view?usp=drivesdk,"Elektrický proud v polovodičích - vlastní, nevlastní vodivost",ELE
VY_32_INOVACE_40-04.pdf,https://drive.google.com/file/d/1IKV3QMss_ycKJ-xsPHHCnTGfvZQLkn6I/view?usp=drivesdk,S paralelním buzením,ELE
VY_32_INOVACE_40-15.pdf,https://drive.google.com/file/d/1M0BYZQRzGD5Z8kW_NuvZU4iaGrwy-SK-/view?usp=drivesdk,Řízení otáček motoru pomocí PLC,ELE
VY_32_INOVACE_43-13.pdf,https://drive.google.com/file/d/1vPsbS7BpePJbmfORjgDk_gezsaeAMBq9/view?usp=drivesdk,Měření zatěžovací charakteristiky zdroje,ELE
VY_32_INOVACE_40-13.pdf,https://drive.google.com/file/d/1f9nVwXna_yNlPhDcZ8kFJvpbSvoUfsPp/view?usp=drivesdk,Komutátorové motory,ELE
VY_32_INOVACE_40-11.pdf,https://drive.google.com/file/d/1tPVNjCqPsowCiGpsxiV4k0MRQkKF8-WF/view?usp=drivesdk,Jednofázový frekvenční měnič,ELE
VY_32_INOVACE_43-11.pdf,https://drive.google.com/file/d/1UOY1DHKiboOVJ3H9l1R5rFjm6qn6Jqyz/view?usp=drivesdk,Kontrola ampérmetru - praktické měření,ELE
VY_32_INOVACE_43-10.pdf,https://drive.google.com/file/d/1HnxRHoC8KTumHZfXobjiiLOt0-VB2jJm/view?usp=drivesdk,"Lineární, nelineární rezistory, provedení",ELE
VY_32_INOVACE_43-09.pdf,https://drive.google.com/file/d/19P53yPaJ8fAIRJRDLGCbigs1vZvQb13I/view?usp=drivesdk,"Obvody stejnosměrného el. proudu - sériové, paralelní, kombinované",ELE
VY_32_INOVACE_40-09.pdf,https://drive.google.com/file/d/1tlVeDv7n1oKGrOo0a7tpb_JSAnEVpDsq/view?usp=drivesdk,Jednofázový a trojfázový můstkový střídač,ELE
VY_32_INOVACE_48-19.pdf,https://drive.google.com/file/d/1PIaGJFSzZnojBZIn3v3iDpEUj7INS6n9/view?usp=drivesdk,Postprocesory pro frézování a jejich editace,CNC
VY_32_INOVACE_43-08.pdf,https://drive.google.com/file/d/10iu927gjjWXrYN8k-oI4kLs3UD0Ig0DK/view?usp=drivesdk,Praktické ověření platnosti Ohmova a Kirchhoffových zákonů,ELE
VY_32_INOVACE_43-07.pdf,https://drive.google.com/file/d/1hETXw_TgdI35WNBTlZBoEAnJ8k4xZLUB/view?usp=drivesdk,Kirchhoffovy zákony,ELE
VY_32_INOVACE_40-07.pdf,https://drive.google.com/file/d/1vxji6d9lHNF0u0lEsfQF3xPYeLTVPx8-/view?usp=drivesdk,Se smíšeným buzením - kompaudní,ELE
VY_32_INOVACE_43-06.pdf,https://drive.google.com/file/d/1Dh1YmvjIKhGUbzVU3s5wS87ilA9QWQka/view?usp=drivesdk,Ohmův zákon,ELE
VY_32_INOVACE_43-05.pdf,https://drive.google.com/file/d/1BP63lfL64W-zNZOFYvckKjmpVA57u8FB/view?usp=drivesdk,"Rezistivita, teplotní závislot odporu",ELE
VY_32_INOVACE_40-05.pdf,https://drive.google.com/file/d/1lylIDAJGRjWEZwS99ljcJ1c2ixLBkCU_/view?usp=drivesdk,S buzením permanentními magnety,ELE
VY_32_INOVACE_43-04.pdf,https://drive.google.com/file/d/1Ryb81liVveIwyP0Iac9ESMKH-PqCiGXX/view?usp=drivesdk,Měření R nepřímou metodou,ELE
VY_32_INOVACE_51-15.pdf,https://drive.google.com/file/d/1YVvkFYKfY2nZQR_7RDx_NR3hzvt7oiNi/view?usp=drivesdk,Volba nástroje a řezných podmínek,CNC
VY_32_INOVACE_43-03.pdf,https://drive.google.com/file/d/1uwB_2xepYDhg-XYhKf4Iz-z74awXXg2l/view?usp=drivesdk,"El. odpor, el vodivost",ELE
VY_32_INOVACE_40-03.pdf,https://drive.google.com/file/d/1uS9dgLclIku_S_zlRr9_vQc3qwygwLsy/view?usp=drivesdk,Se seriovým buzením,ELE
VY_32_INOVACE_43-02.pdf,https://drive.google.com/file/d/125gdJTRMEpZeDHh9SGo8ROB7uujQIz6W/view?usp=drivesdk,Rozdělení látek dle vodivosti,ELE
VY_32_INOVACE_40-02.pdf,https://drive.google.com/file/d/1LFMpRBsuuilB9bs-xpNkljcgJ-YxafN9/view?usp=drivesdk,Rozdělení ss motorů,ELE
VY_32_INOVACE_43-01.pdf,https://drive.google.com/file/d/1CU2C7M8IYyezc_7j5iy4GHkOZRuud_6F/view?usp=drivesdk,Vedení el. proudu v kovech,ELE
VY_32_INOVACE_40-01.pdf,https://drive.google.com/file/d/1_utEvG8-b68wTwNGV3OJ4XPpYa_Mn0Dh/view?usp=drivesdk,Fyzikální princip ss motorů,ELE
VY_32_INOVACE_51-20.pdf,https://drive.google.com/file/d/1PTjUbM--_4XGRI9qp8ZJM6wkdvBwBS78/view?usp=drivesdk,Příklad programu-deska s děrami,CNC
VY_32_INOVACE_48-20.pdf,https://drive.google.com/file/d/1v6IhPfZiNYyxA-D6BT5NK2nXoHlt9e7R/view?usp=drivesdk,Generování programů pro CNC stroj,CNC
VY_32_INOVACE_48-12.pdf,https://drive.google.com/file/d/1qRKXNsfiAygMwimqkgV8QYLv_eWDMbLr/view?usp=drivesdk,Dokončování rovinných ploch,CNC
VY_32_INOVACE_51-19.pdf,https://drive.google.com/file/d/1OvHZi6nrs0BtbBDZvpWwz_iQtCL5m8QX/view?usp=drivesdk,Příklad programu-deska s kapsou,CNC
VY_32_INOVACE_51-18.pdf,https://drive.google.com/file/d/1mr1bS9lNxXEhaQ_iUZ1DwiIDACAncVZi/view?usp=drivesdk,Příklad programu-deska s konturou,CNC
VY_32_INOVACE_48-11.pdf,https://drive.google.com/file/d/10V7J1CL7h65NiYPy5BaYoE1amZNwK92_/view?usp=drivesdk,Zbytkové hrubování 3D ploch,CNC
VY_32_INOVACE_48-18.pdf,https://drive.google.com/file/d/11ParHSlWVvXB0Qfwrvn66LtTxve1jExR/view?usp=drivesdk,Objemové obrábění,CNC
VY_32_INOVACE_51-17.pdf,https://drive.google.com/file/d/1o88w6huC2SVfJsceRNqkGyFV6fsHuRH4/view?usp=drivesdk,Závitování,CNC
VY_32_INOVACE_48-17.pdf,https://drive.google.com/file/d/13Di3xOmCVnxx3uQQdvJ5rgoLh2w3mAqc/view?usp=drivesdk,Převod modelů z jiných CAD/CAM systémů,CNC
VY_32_INOVACE_51-16.pdf,https://drive.google.com/file/d/164EUo4Flfpin_OoCAAcsJ7VGeaQkPEQ2/view?usp=drivesdk,Vrtání otvorů,CNC
VY_32_INOVACE_51-09.pdf,https://drive.google.com/file/d/1UWUjZcw2fOm3Sehpgnt6VfTxmZCpoOYc/view?usp=drivesdk,Zadání nájezdu a odjezdu na konturu,CNC
VY_32_INOVACE_48-16.pdf,https://drive.google.com/file/d/1-2QRr1vYz5MVJVEloLI2pz9EWp9KIyb2/view?usp=drivesdk,Gravírování na plochu ve 3 a 5 ti osách,CNC
VY_32_INOVACE_48-15.pdf,https://drive.google.com/file/d/1mk9Nu4Y0wnp-j1kCGbenlom78dXyquUd/view?usp=drivesdk,Dokončování rohů,CNC
VY_32_INOVACE_51-14.pdf,https://drive.google.com/file/d/1qo5ya0ElPhTkxMKV6RNIoBsuQn1esR1X/view?usp=drivesdk,Frézování kapes-nájezdy,CNC
VY_32_INOVACE_51-07.pdf,https://drive.google.com/file/d/1lWLakUaAw1DJvIwacT11FH2jceLkxaOk/view?usp=drivesdk,Kontuové frézování-zadání kontury,CNC
VY_32_INOVACE_48-14.pdf,https://drive.google.com/file/d/1DBytmPWs-LsZWqV0If1j0Ah1EY7t7rqA/view?usp=drivesdk,Dokončování strmých ploch,CNC
VY_32_INOVACE_48-13.pdf,https://drive.google.com/file/d/1dBiMscFucvDjVMT_TRXhgY_J5Y_wPfCF/view?usp=drivesdk,Dokončování plochých míst,CNC
VY_32_INOVACE_51-12.pdf,https://drive.google.com/file/d/1IE58Shqdwq6bRGTmsp4NS_Cj5Hun5icD/view?usp=drivesdk,Tvorba programu pro NC stroj,CNC
VY_32_INOVACE_51-11.pdf,https://drive.google.com/file/d/1VbWqZo7Y30oQF48TsXSSnTjNvq9bVAH4/view?usp=drivesdk,Simulace operace,CNC
VY_32_INOVACE_51-10.pdf,https://drive.google.com/file/d/1sbrnBxMaQxi-LXWzW7s-FUSmNZCyvMqz/view?usp=drivesdk,Volba nástroje a řezných podmínek,CNC
VY_32_INOVACE_48-09.pdf,https://drive.google.com/file/d/1Qb0La-x_LeuTknfjk5apKqcJLgB9hTDD/view?usp=drivesdk,Tvorba 3D ploch,CNC
VY_32_INOVACE_51-08.pdf,https://drive.google.com/file/d/1JpB-gpkdl6a1Poc_4W2uryKSA2X49vrT/view?usp=drivesdk,Zadání startovacího bodu na kontuře,CNC
VY_32_INOVACE_48-08.pdf,https://drive.google.com/file/d/1vYaODuR5uZhuacWO08DAxY_Qd7O7Az69/view?usp=drivesdk,Simulace obrábění,CNC
VY_32_INOVACE_48-07.pdf,https://drive.google.com/file/d/14iqa2JOz4bIiiErPbfLKqrC7jQsCi7pb/view?usp=drivesdk,Gravírování v rovině,CNC
VY_32_INOVACE_51-06.pdf,https://drive.google.com/file/d/1VsWBHxmiDvskire5nPbUsAYQU0jEWdKB/view?usp=drivesdk,Zarovnání povrchu obrobku,CNC
VY_32_INOVACE_48-06.pdf,https://drive.google.com/file/d/1OTG6xNZMm7IK4f8ZgVS_NY8QZH0AiTCj/view?usp=drivesdk,Vrtací cykly pro frézování,CNC
VY_32_INOVACE_51-05.pdf,https://drive.google.com/file/d/14fpOfTDPdfv_tMDyuJcrK4ECSZ-sTLww/view?usp=drivesdk,Zadání obrobku,CNC
VY_32_INOVACE_48-05.pdf,https://drive.google.com/file/d/1keNWY9Qmmdckry_A975Sx2U5Y-6305Cr/view?usp=drivesdk,Frézování vybrání ve 2.5 D,CNC
VY_32_INOVACE_51-04.pdf,https://drive.google.com/file/d/1Glv-fOW_UyrA9B6moSgB2u43J55sLZJx/view?usp=drivesdk,Volba polotovaru,CNC
VY_32_INOVACE_48-04.pdf,https://drive.google.com/file/d/1QFBpPn1iJe0cRZxDzkAVf7p6nzIQPuI6/view?usp=drivesdk,Frézování obrysů ve 2.5 D,CNC
VY_32_INOVACE_51-03.pdf,https://drive.google.com/file/d/1Uw6C5kBjmWPXj0aTV0zc186TBdD-Vs3L/view?usp=drivesdk,Volba nulového bodu,CNC
VY_32_INOVACE_48-03.pdf,https://drive.google.com/file/d/1pJ6o2J_Eh7jNrwYem9rcLvbFH-MtlQn6/view?usp=drivesdk,Definice řezných podmínek pro frézování,CNC
VY_32_INOVACE_51-02.pdf,https://drive.google.com/file/d/1xVwZAbVK8dKoNe2OJJJHwnaazMyWOGuC/view?usp=drivesdk,Volba postprocesoru,CNC
VY_32_INOVACE_48-02.pdf,https://drive.google.com/file/d/18lIp2TmIslDiBDY9emy7CDNSE8URQ2gA/view?usp=drivesdk,Definice a volba nástrojů pro frézování,CNC
VY_32_INOVACE_51-01.pdf,https://drive.google.com/file/d/1eEG_ZbkUKCOLmd9VZXfqn1poW4_Y1s2U/view?usp=drivesdk,Postup při zpracování modelu,CNC
VY_32_INOVACE_48-01.pdf,https://drive.google.com/file/d/1aoibyKP-1zgaE7D2_oqt0CW_Xj1xvGGG/view?usp=drivesdk,Základní moduly pro frézování v AlphaCAMu,CNC
VY_32_INOVACE_50-20.pdf,https://drive.google.com/file/d/1TbxSEfWcL-eRN0DazS0eQjyzpgbRKzut/view?usp=drivesdk,Příklad programu-čep se zápichy,CNC
VY_32_INOVACE_50-17.pdf,https://drive.google.com/file/d/1l0z3mb-ywP9S8V4nvLiGEyv1KGXjOrkD/view?usp=drivesdk,Vnitřní soustružení,CNC
VY_32_INOVACE_47-20.pdf,https://drive.google.com/file/d/1-BmSFE0Vr_KY160D5rEu8Xp_TSNiaGPJ/view?usp=drivesdk,Generování programů pro CNC stroj,CNC
VY_32_INOVACE_50-19.pdf,https://drive.google.com/file/d/1VClyaZuCfn6Z628DKotBlQFBuryzQ0k6/view?usp=drivesdk,Příklad programu-čep s otvorem,CNC
VY_32_INOVACE_47-19.pdf,https://drive.google.com/file/d/1An1E0nr1n62z0dfJIBIyxKV5tnh2V2fR/view?usp=drivesdk,Postprocesory pro soustružení a jejich editace,CNC
VY_32_INOVACE_50-18.pdf,https://drive.google.com/file/d/14Z__t188mBXwE3hLZq2-yNkedGNhQb1H/view?usp=drivesdk,Příklad programu-čep se závitem,CNC
VY_32_INOVACE_47-18.pdf,https://drive.google.com/file/d/19Pz0i0s4P2ofWrVI2nrgK3QMKsCJKEKb/view?usp=drivesdk,Simulace obrábění,CNC
VY_32_INOVACE_47-17.pdf,https://drive.google.com/file/d/1oeXmmn-u3lQLhYAu4OuFIVKgMiza5rcw/view?usp=drivesdk,Soustružení s C a Y osou,CNC
VY_32_INOVACE_50-16.pdf,https://drive.google.com/file/d/1f_wlAQ5r_HRCt0hzkiFS4GE57LolekSN/view?usp=drivesdk,Vrtání,CNC
VY_32_INOVACE_47-16.pdf,https://drive.google.com/file/d/1lX9wfSLTktEniZPXq5uR2c1Wphj_f6P4/view?usp=drivesdk,Soustružení s dvěma suporty,CNC
VY_32_INOVACE_50-15.pdf,https://drive.google.com/file/d/1z2e2vYf8kCgaGjH7jCgfaYpj1cGGfRcC/view?usp=drivesdk,Upichování,CNC
VY_32_INOVACE_47-15.pdf,https://drive.google.com/file/d/1KGZHJFWXU8LIP63AYB4fwXmNmnr17n0H/view?usp=drivesdk,Řezání závitů,CNC
VY_32_INOVACE_50-14.pdf,https://drive.google.com/file/d/1ctP2t_XIiOgK2qvpmEGd-8F2kKEa-92F/view?usp=drivesdk,Zapichování-čelní,CNC
VY_32_INOVACE_47-14.pdf,https://drive.google.com/file/d/1pYejNM3S1xBFs6d0F4-E5k5kS2MasG1e/view?usp=drivesdk,Zápich,CNC
VY_32_INOVACE_50-13.pdf,https://drive.google.com/file/d/18VqWt4w2jYYmV_sSoXSkODg3tVCtfJTy/view?usp=drivesdk,Zapichování-podélné,CNC
VY_32_INOVACE_47-13.pdf,https://drive.google.com/file/d/1_vE87eGg2dBvnn4Bn1kfNUpT5gULiWij/view?usp=drivesdk,Vrtací cykly,CNC
VY_32_INOVACE_50-12.pdf,https://drive.google.com/file/d/16je2WBbiVH5lKF5zsQdOOU9_oW6dq8oz/view?usp=drivesdk,Závitování,CNC
VY_32_INOVACE_47-12.pdf,https://drive.google.com/file/d/1gdjh0v7I3Vp2VXv861Br2KDUxDBzlEQL/view?usp=drivesdk,Obrábění vybrání,CNC
VY_32_INOVACE_47-11.pdf,https://drive.google.com/file/d/1Tkn6SSZgB4eJy4Ax5G_ANHNJNJ5dKoMp/view?usp=drivesdk,Dokončování,CNC
VY_32_INOVACE_50-11.pdf,https://drive.google.com/file/d/1L6kj9pgYopP4XFPLGixeYuTWqC9WuYCF/view?usp=drivesdk,Podélné soustružení-simulace,CNC
VY_32_INOVACE_50-10.pdf,https://drive.google.com/file/d/1MD8uEgKOhtGnu6be9AjyJX5hy1470a18/view?usp=drivesdk,Podélné soustružení-dokončování,CNC
VY_32_INOVACE_47-10.pdf,https://drive.google.com/file/d/1inKrV79lTEWg1bQkFXsTw_VY36hAXq5O/view?usp=drivesdk,Hrubování - paralelně ke kontuře,CNC
VY_32_INOVACE_50-09.pdf,https://drive.google.com/file/d/1ZvPRTn-VHCqHvaYLAwzpOYy-QbC8qsid/view?usp=drivesdk,Podélné soustružení-hrubování,CNC
VY_32_INOVACE_47-09.pdf,https://drive.google.com/file/d/1Y3eXNubKqE_Z708B4M01xbc2IMNwJBw9/view?usp=drivesdk,Hrubování - vertikální,CNC
VY_32_INOVACE_50-08.pdf,https://drive.google.com/file/d/1TgHhAwoexfvvzNA5Fr4cKFw_jd107uBG/view?usp=drivesdk,Podélné soustružení-volba řezných podmínek,CNC
VY_32_INOVACE_47-08.pdf,https://drive.google.com/file/d/1wAAQmwMIvIcb4yZM-VBXusRKdQ6MQkgU/view?usp=drivesdk,Hrubování - horizontální,CNC
VY_32_INOVACE_47-07.pdf,https://drive.google.com/file/d/1nw5FmekQgf0HOx0LReNpin8RlPxmdlcF/view?usp=drivesdk,Definice řezných podmínek pro soustružení,CNC
VY_32_INOVACE_50-07.pdf,https://drive.google.com/file/d/1IQUpnivZX-Gymk-3qA8RoHrJXyek7_Lg/view?usp=drivesdk,Podélné soustružení-volba nástroje,CNC
VY_32_INOVACE_50-06.pdf,https://drive.google.com/file/d/1UqsvAoIgk9w1DLtFNLNMTEjQ1NBUI5aP/view?usp=drivesdk,Podélné soustružení-volba geometrie,CNC
VY_32_INOVACE_47-06.pdf,https://drive.google.com/file/d/1IPals-7XyWqN8YxtsqsnUe2TvwZcD0sS/view?usp=drivesdk,Definice a volba nástrojů pro soustružení,CNC
VY_32_INOVACE_50-05.pdf,https://drive.google.com/file/d/1jaUMg7qNrU7dnONuut637emVrLLO_8z7/view?usp=drivesdk,Zarovnání čela,CNC
VY_32_INOVACE_47-05.pdf,https://drive.google.com/file/d/1N5AjHjOyyO1tHlM-m_thp8LFmLR0Qfbr/view?usp=drivesdk,APS rychlá geometrie,CNC
VY_32_INOVACE_49 - 12.pdf,https://drive.google.com/file/d/1fKcfELEcKPGqcX0CivDJG5byd_BGCwia/view?usp=drivesdk,Zadávání souřadnic v polárním systému,CNC
VY_32_INOVACE_46 - 12.pdf,https://drive.google.com/file/d/1w4t4YntOp6VgVUaoHi49BMEz8vqO4bd2/view?usp=drivesdk,"Pohyb po kružnici G02, G03 v kartézském s. s.",CNC
VY_32_INOVACE_49 - 11.pdf,https://drive.google.com/file/d/10nGyvHgJdR98xo3ebr9GGrUpPEgQG1vL/view?usp=drivesdk,Zadávání souřadnic v kartézském systému,CNC
VY_32_INOVACE_46 - 11.pdf,https://drive.google.com/file/d/1QuR6IHzjtbdypSuK5zmw5WjbLZ4yd2K0/view?usp=drivesdk,Pohyb po přímce G00 a G01 v polárním s. s.,CNC
VY_32_INOVACE_49 - 10.pdf,https://drive.google.com/file/d/1fws2aB2GVX0SIpxoYd3DcWMnELxtXnyh/view?usp=drivesdk,"Zadávání posuvu,otáček,řezné rychlosti",CNC
VY_32_INOVACE_46 - 10.pdf,https://drive.google.com/file/d/1M-r9mremgpnPt_rfNhlM89ctM4ZdexLc/view?usp=drivesdk,Pohyb po přímce G00 a G01 v kartézském s.s.,CNC
VY_32_INOVACE_49 - 09.pdf,https://drive.google.com/file/d/1hfGRG6O7LMsf_eQ6vXMZuQsi_3Rys7Kq/view?usp=drivesdk,Zapichovací cyklus,CNC
VY_32_INOVACE_46 - 09.pdf,https://drive.google.com/file/d/1pX17zPZ5F6eSTwrO6BM9nIRcbhgvI-hf/view?usp=drivesdk,Základní G a M funkce,CNC
VY_32_INOVACE_49 - 08.pdf,https://drive.google.com/file/d/1E1g0V6-r2JoUg6xmjlS7FR2S58xK7TmT/view?usp=drivesdk,Závitovací cyklus,CNC
VY_32_INOVACE_46 - 08.pdf,https://drive.google.com/file/d/16C55RTr8dzB9sZ-mq4NMhgTlo_NRjVKk/view?usp=drivesdk,Posuny nulového bodu,CNC
VY_32_INOVACE_49 - 07.pdf,https://drive.google.com/file/d/11CNyWn40_NskUT9KBPUnTDA5OxqxlBeM/view?usp=drivesdk,Cyklus čelního soustružení,CNC
VY_32_INOVACE_46 - 07.pdf,https://drive.google.com/file/d/1FTLKLZ7P8luK5EHxChzuRPVwLOBfTDo9/view?usp=drivesdk,Základní body na stroji,CNC
VY_32_INOVACE_49 - 06.pdf,https://drive.google.com/file/d/1xAYe2pjaHZKPqrASV5QgyLR6xg7bJmaU/view?usp=drivesdk,Cyklus podélného soustružení,CNC
VY_32_INOVACE_46 - 06.pdf,https://drive.google.com/file/d/14iDEjbNAUjmASmM-3bddnIXLpiXwTvwj/view?usp=drivesdk,Polární souřadný systém,CNC
VY_32_INOVACE_46 - 05.pdf,https://drive.google.com/file/d/1ZRKuTAIXKcr1LErWDwwMn2b4Rg_bNGsH/view?usp=drivesdk,Kartézský souřadný systém,CNC
VY_32_INOVACE_49 - 05.pdf,https://drive.google.com/file/d/1tUdcX-5yCIc0GLL5uHc784c6XMUAEbjz/view?usp=drivesdk,Korekce nástroje,CNC
VY_32_INOVACE_49 - 04.pdf,https://drive.google.com/file/d/1UxvGdRcr3wFVR21uQzqHU_SLGpHYHQKs/view?usp=drivesdk,Základní pomocné funkce,CNC
VY_32_INOVACE_46 - 04.pdf,https://drive.google.com/file/d/1nkIi3ph38gYHQ8W-9bhLmak5cfephkKd/view?usp=drivesdk,Určení řezných podmínek pro frézování,CNC
VY_32_INOVACE_49 - 03.pdf,https://drive.google.com/file/d/14aT8OSOwTKj-UDxxNaWyZlN7LllfA03J/view?usp=drivesdk,Základní typy nástrojů,CNC
VY_32_INOVACE_46 - 03.pdf,https://drive.google.com/file/d/1SFem9JFoEU04QLNwOsXK6_Unjy_ZUHNW/view?usp=drivesdk,Korekce nástrojů,CNC
VY_32_INOVACE_49 - 02.pdf,https://drive.google.com/file/d/1OW8LxD4VuTn4nt1mA5tfHdS0cgzjOqmv/view?usp=drivesdk,Základní přípravné funkce,CNC
VY_32_INOVACE_46 - 02.pdf,https://drive.google.com/file/d/1gvJAIYmlxTRfhUiXu63XTRsErsng8chK/view?usp=drivesdk,Editor programů,CNC
VY_32_INOVACE_49 - 01.pdf,https://drive.google.com/file/d/1Nhjna5OXhYypCCivqsIXhGXFsKt297cQ/view?usp=drivesdk,Orientace v programu,CNC
VY_32_INOVACE_46 - 01.pdf,https://drive.google.com/file/d/1KwVB4Ofugp49uTXKxbytlT26GHXcipE1/view?usp=drivesdk,Základy ovládání software Sinumerik 810 M,CNC
VY_32_INOVACE_05-10.pdf,https://drive.google.com/file/d/19iBQpH7beT6qMR3dysGdm3FE0MHfwQXY/view?usp=drivesdk,"Stavba srdce, krevní oběh","BIO, ZEK"
VY_32_INOVACE_06-20.pdf,https://drive.google.com/file/d/1e0niAzqJ6ZC4-6hnDZmjbisrSPi8-qTC/view?usp=drivesdk,Výhody a nevýhody biomasy,"BIO, ZEK"
VY_32_INOVACE_05-09.pdf,https://drive.google.com/file/d/1kO4xD7xq05bk2o1qHH1MXPyDJWDDCqO9/view?usp=drivesdk,Svaly končetin,"BIO, ZEK"
VY_32_INOVACE_06-19.pdf,https://drive.google.com/file/d/10C5LSnQrSpzxX3jXiA3Xdb9tErrr-2e2/view?usp=drivesdk,Způsoby zpracování biomasy,"BIO, ZEK"
VY_32_INOVACE_05-08.pdf,https://drive.google.com/file/d/13pcq4vEMqZ-xcPGke_Ciwg6-B0z_S-NL/view?usp=drivesdk,Svaly trupu a břicha,"BIO, ZEK"
VY_32_INOVACE_06-18.pdf,https://drive.google.com/file/d/11dPMUQ1Pqq1UebqsZGCHP5LoqsCS_m4m/view?usp=drivesdk,Energie z biomasy,"BIO, ZEK"
VY_32_INOVACE_05-04.pdf,https://drive.google.com/file/d/1osX6tSkbomM-qPGhWeyL1O79IJdDYK46/view?usp=drivesdk,Kostra dolní končetiny,"BIO, ZEK"
VY_32_INOVACE_05-07.pdf,https://drive.google.com/file/d/1Mbw5UEVeHfApA2t9Fka2d9y528A93pwm/view?usp=drivesdk,Svaly na hlavě a krku,"BIO, ZEK"
VY_32_INOVACE_05-06.pdf,https://drive.google.com/file/d/1lyWe5fnuZEc4KGy_N-gvENeae1-9PfJW/view?usp=drivesdk,"Typy svalů, složení svalů","BIO, ZEK"
VY_32_INOVACE_05-03.pdf,https://drive.google.com/file/d/1_2TQ7exK9mtC7fs17vJaGltCKm4JJLTK/view?usp=drivesdk,Kostra horní končetiny,"BIO, ZEK"
VY_32_INOVACE_05-05.pdf,https://drive.google.com/file/d/1DGRnRUiYz6E2Kz_JO-fowN8GGVhmf0qA/view?usp=drivesdk,Onemocnění kostení soustavy,"BIO, ZEK"
VY_32_INOVACE_06-15.pdf,https://drive.google.com/file/d/1DiJZeWwnAnPsiKUziI3eX9pRz_OclrKo/view?usp=drivesdk,Výhody a nevýhody solární enegetiky,"BIO, ZEK"
VY_32_INOVACE_06-14.pdf,https://drive.google.com/file/d/1ChejH0PFEcXPL_5jwyQBr2BPYH1eP-O_/view?usp=drivesdk,Solární energetika,"BIO, ZEK"
VY_32_INOVACE_06-10.pdf,https://drive.google.com/file/d/1zMf6PaP2BjQsAOanm9relMoOo8RBFvQQ/view?usp=drivesdk,JE v ČR,"BIO, ZEK"
VY_32_INOVACE_06-13.pdf,https://drive.google.com/file/d/1tF98ANU9p87_YEyyYDDtk3MaZ5REtIJ3/view?usp=drivesdk,Výhody a nevýhody vodní enegetiky,"BIO, ZEK"
VY_32_INOVACE_05-02.pdf,https://drive.google.com/file/d/18A4AkiKDmJt7EKTSWTRiBQUO93FSmdTN/view?usp=drivesdk,Osová kostra,"BIO, ZEK"
VY_32_INOVACE_06-12.pdf,https://drive.google.com/file/d/1b_uMDNcYcqpLA0LHkDhMwqIRUTKIcnIJ/view?usp=drivesdk,Typy vodních elektráren,"BIO, ZEK"
VY_32_INOVACE_05-01.pdf,https://drive.google.com/file/d/1uGgwQzdLMobxrOEDf_dhl7t1EVtON_eS/view?usp=drivesdk,"Typy kostí, růst, způsoby spojení","BIO, ZEK"
VY_32_INOVACE_04-19.pdf,https://drive.google.com/file/d/10LPmMipqfUPR9Jl9y0BuXg5mw7wvkhbn/view?usp=drivesdk,NP ČR,"BIO, ZEK"
VY_32_INOVACE_06-11.pdf,https://drive.google.com/file/d/1KcRi622rXNP_Le9t7egev5ypZG2PmaOi/view?usp=drivesdk,Vodní energetika,"BIO, ZEK"
VY_32_INOVACE_04-20.pdf,https://drive.google.com/file/d/1jMBh_3Wf9z3jX_KbABLOz3jeTew3RnmA/view?usp=drivesdk,CHKO ČR,"BIO, ZEK"
VY_32_INOVACE_06-09.pdf,https://drive.google.com/file/d/1su_PQjSN9pLbF4hp3wgaRT_8OapUoT6p/view?usp=drivesdk,Havárie JE Černobyl,"BIO, ZEK"
VY_32_INOVACE_06-07.pdf,https://drive.google.com/file/d/1pCGpGaT3XXiVl7UwPO4gBmCKw8YDZxaO/view?usp=drivesdk,Jadená enegetika,"BIO, ZEK"
VY_32_INOVACE_04-13.pdf,https://drive.google.com/file/d/1zd2ULP3mzfg-FZ91xgiV2thFOGc_vrUz/view?usp=drivesdk,Lesy mírného pásu,"BIO, ZEK"
VY_32_INOVACE_06-08.pdf,https://drive.google.com/file/d/1Xscy1nC1ivGQJEMOtdlABMiV-10AuYRp/view?usp=drivesdk,Výhody a nevýhody jaderné energetiky,"BIO, ZEK"
VY_32_INOVACE_04-16.pdf,https://drive.google.com/file/d/1TMlFEaqDxYdJ3jj236y6W8h6JwpvJEhQ/view?usp=drivesdk,Poušť,"BIO, ZEK"
VY_32_INOVACE_06-06.pdf,https://drive.google.com/file/d/1XScf4I4bvdnDQq66u_-dgJi8laQr0-sL/view?usp=drivesdk,"Obnovitelné zdroje, vliv na ŽP","BIO, ZEK"
VY_32_INOVACE_06-05.pdf,https://drive.google.com/file/d/1K_rg4l9-v1dCIoSnBslDKEJiE_5ZuSpn/view?usp=drivesdk,"Uhlí, typy, vliv na ŽP","BIO, ZEK"
VY_32_INOVACE_04-15.pdf,https://drive.google.com/file/d/1Q17OLvWEd6l-SScr9Yt3Oo2FfQpiRgUF/view?usp=drivesdk,Savana,"BIO, ZEK"
VY_32_INOVACE_06-02.pdf,https://drive.google.com/file/d/1fZdHmoQD4i7IdaO4Quv8OqVYtXPjCxhC/view?usp=drivesdk,"Neobnovitelné zdroje, vliv na ŽP","BIO, ZEK"
VY_32_INOVACE_06-04.pdf,https://drive.google.com/file/d/1qax_4IzoDM-gzptnFUBU3RP4oLvPcCfk/view?usp=drivesdk,"Ropa, vznik, vliv na ŽP","BIO, ZEK"
VY_32_INOVACE_04-12.pdf,https://drive.google.com/file/d/1xg56HVk_AO5QHsvULIJVS9J4zqSDMcYq/view?usp=drivesdk,Tajga,"BIO, ZEK"
VY_32_INOVACE_06-01.pdf,https://drive.google.com/file/d/1h31gio82YOlGm81d58ztXCNs_PTGCcgf/view?usp=drivesdk,Typy přírodních zdrojů,"BIO, ZEK"
VY_32_INOVACE_06-03.pdf,https://drive.google.com/file/d/1uNQPUjI48CI_HSAdG77SRiCk0MSouOOX/view?usp=drivesdk,Fosilní paliva,"BIO, ZEK"
VY_32_INOVACE_04-11.pdf,https://drive.google.com/file/d/1r_xNhiSAhykRDteC0Gb8J3I2bV_bhATm/view?usp=drivesdk,Tundra,"BIO, ZEK"
VY_32_INOVACE_04-09.pdf,https://drive.google.com/file/d/11Vro8zf6RzZTXfI0P0SuRUM-kcfL-owb/view?usp=drivesdk,"Kooperace, symbióza, komenzalismus","BIO, ZEK"
VY_32_INOVACE_04-07.pdf,https://drive.google.com/file/d/1v-n8W2q2mFgh3jPvDQt1z3f87t__66ok/view?usp=drivesdk,"Konkurence, predace, antibióza","BIO, ZEK"
VY_32_INOVACE_04-08.pdf,https://drive.google.com/file/d/1ZudA_aQrLdI2stU72ONYth6xXsSuyxwx/view?usp=drivesdk,Parazitismus,"BIO, ZEK"
VY_32_INOVACE_05-19.pdf,https://drive.google.com/file/d/1PSx0eM1mhevuaMOfdHTm00FyheBS9QfP/view?usp=drivesdk,Ontogenetický vývoj,"BIO, ZEK"
VY_32_INOVACE_04-06.pdf,https://drive.google.com/file/d/1rbziuhsXhaYTbqIx5Zwew0qUeoJrqyFs/view?usp=drivesdk,Ostatní abiotické faktory,"BIO, ZEK"
VY_32_INOVACE_05-13.pdf,https://drive.google.com/file/d/1F7ltk9ASZ1GjWfL7t9X9P8l2Udcquhur/view?usp=drivesdk,Vitamíny,"BIO, ZEK"
VY_32_INOVACE_04-05.pdf,https://drive.google.com/file/d/1Ke20EJboU3PyUU-1Llqxk5WuaKqGPn5b/view?usp=drivesdk,Vliv tepla,"BIO, ZEK"
VY_32_INOVACE_05-16.pdf,https://drive.google.com/file/d/1vhPANuMi6_vN_bsfWJDVkmdMnPwiTpg5/view?usp=drivesdk,Orgány pohlavní soustavy,"BIO, ZEK"
VY_32_INOVACE_04-04.pdf,https://drive.google.com/file/d/1gIX0Yp2jKHKQoR4bH0zA_bSKL49Swpxm/view?usp=drivesdk,Vliv světla,"BIO, ZEK"
VY_32_INOVACE_04-03.pdf,https://drive.google.com/file/d/1D_WJeoANcjduODw-RwRu1cZFFvGe6-b1/view?usp=drivesdk,Abiotické X biotické faktory,"BIO, ZEK"
VY_32_INOVACE_04-01.pdf,https://drive.google.com/file/d/1OXEPolEI7zEYY0Jdpx-YPOpKCmRNfAvk/view?usp=drivesdk,Význam ekologie,"BIO, ZEK"
VY_32_INOVACE_05-12.pdf,https://drive.google.com/file/d/1kgQysGrWw9QQfJf1TWKqDupes4NYZCzC/view?usp=drivesdk,Orgány trávicí soustavy,"BIO, ZEK"
VY_32_INOVACE_05-11.pdf,https://drive.google.com/file/d/1i8koQrlVUozPPRbVKWFWunlwU40z-khz/view?usp=drivesdk,Stavba dýchací soustavy,"BIO, ZEK"
VY_32_INOVACE_04-02.pdf,https://drive.google.com/file/d/1kT9X1ib90KHVpspIt9us9idFIVcoCi8P/view?usp=drivesdk,Základní ekologické pojmy,"BIO, ZEK"
"SPS 4 Stroje a zařízení, Kemka.pdf",https://drive.google.com/file/d/1ZbumtQOBEE7iY8div-AJP4PzvwZDvx4X/view?usp=drivesdk,Skripta Kemka,OSTATNÍ
SPS 3.pdf,https://drive.google.com/file/d/1OQcdYbJqBcsu_T7Sqe-zsAvoim-Coiya/view?usp=drivesdk,Skripta SPS 3,OSTATNÍ
SPS 2.pdf,https://drive.google.com/file/d/1aEqSThasvlAs834EFyUK87OsZJPmYhDF/view?usp=drivesdk,Skripta SPS 2,OSTATNÍ
SPS 1.pdf,https://drive.google.com/file/d/10seGevUtUcYYaBMMmpNFsODHUAvzEbH6/view?usp=drivesdk,Skripta SPS 1,OSTATNÍ
SPS 4.pdf,https://drive.google.com/file/d/1IoIP0nN6BewPu7LWJK3CX6MavgjmeFHy/view?usp=drivesdk,Skripta SPS 4,OSTATNÍ
skripta SPS II-1.pdf,https://drive.google.com/file/d/1Vj470Qq0ytwA719tSzSbWzyPSHOPzdap/view?usp=drivesdk,Skripta SPS II,OSTATNÍ
skripta SPS III.pdf,https://drive.google.com/file/d/1WicIp9p7Qrj2zUxQKYvhdcHkAS4jDLcs/view?usp=drivesdk,Skripta SPS III,OSTATNÍ
skripta SPS I.pdf,https://drive.google.com/file/d/1bmP5FPTh6YHcHCT6o634tLk7v04fxvMo/view?usp=drivesdk,Skripta SPS I,OSTATNÍ